
> superadmin-panel@0.0.0 start
> ng serve --host 127.0.0.1 --port 4200

[33m>[39m Building...
[32m√[39m Building...
[1mInitial chunk files[22m[2m | [22m[1mNames[22m                              [2m | [22m [1mRaw size[22m
[32mstyles.css[39m         [2m | [22m[2mstyles[22m                             [2m | [22m[36m276.73 kB[39m[2m | [22m
[32mpolyfills.js[39m       [2m | [22m[2mpolyfills[22m                          [2m | [22m [36m90.20 kB[39m[2m | [22m
[32mmain.js[39m            [2m | [22m[2mmain[22m                               [2m | [22m [36m71.41 kB[39m[2m | [22m
[32mchunk-RHZBUB7Q.js[39m  [2m | [22m[2m-[22m                                  [2m | [22m  [36m7.42 kB[39m[2m | [22m
[32mchunk-LTV7NNQO.js[39m  [2m | [22m[2m-[22m                                  [2m | [22m  [36m5.29 kB[39m[2m | [22m
[32mchunk-WDMUDEB6.js[39m  [2m | [22m[2m-[22m                                  [2m | [22m  [36m1.93 kB[39m[2m | [22m
[32mchunk-ZWUJSGC3.js[39m  [2m | [22m[2m-[22m                                  [2m | [22m  [36m1.91 kB[39m[2m | [22m
[32mchunk-FMKMVIXV.js[39m  [2m | [22m[2m-[22m                                  [2m | [22m  [36m1.87 kB[39m[2m | [22m
[32mchunk-AZICPPH2.js[39m  [2m | [22m[2m-[22m                                  [2m | [22m  [36m1.59 kB[39m[2m | [22m
[32mchunk-MYUS6GBI.js[39m  [2m | [22m[2m-[22m                                  [2m | [22m[36m219 bytes[39m[2m | [22m

[1m [22m                  [2m | [22m[1mInitial total[22m                      [2m | [22m[1m458.57 kB[22m

[1mLazy chunk files[22m   [2m | [22m[1mNames[22m                              [2m | [22m [1mRaw size[22m
[32mchunk-QX25PQMA.js[39m  [2m | [22m[2morders-routes[22m                      [2m | [22m[36m340.77 kB[39m[2m | [22m
[32mchunk-S5AD45PW.js[39m  [2m | [22m[2mdriver-detail-component[22m            [2m | [22m[36m331.65 kB[39m[2m | [22m
[32mchunk-IFF4VCQH.js[39m  [2m | [22m[2mdisputes-dashboard-component[22m       [2m | [22m[36m326.53 kB[39m[2m | [22m
[32mchunk-UF445HCJ.js[39m  [2m | [22m[2mvendor-detail-component[22m            [2m | [22m[36m179.46 kB[39m[2m | [22m
[32mchunk-VLLKUN5A.js[39m  [2m | [22m[2mvendor-finance-component[22m           [2m | [22m[36m177.75 kB[39m[2m | [22m
[32mchunk-7NSNPKSN.js[39m  [2m | [22m[2mdashboard-component[22m                [2m | [22m[36m143.99 kB[39m[2m | [22m
[32mchunk-S3YRN4PJ.js[39m  [2m | [22m[2memail-center-component[22m             [2m | [22m[36m125.67 kB[39m[2m | [22m
[32mchunk-WA4VHB2A.js[39m  [2m | [22m[2mvendors-list-component[22m             [2m | [22m[36m106.85 kB[39m[2m | [22m
[32mchunk-RU2BPSLB.js[39m  [2m | [22m[2mvendor-compliance-component[22m        [2m | [22m[36m106.83 kB[39m[2m | [22m
[32mchunk-DISHET24.js[39m  [2m | [22m[2mcustomer-detail-component[22m          [2m | [22m [36m92.40 kB[39m[2m | [22m
[32mchunk-C4RNEZ5F.js[39m  [2m | [22m[2madmin-user-detail-component[22m        [2m | [22m [36m88.29 kB[39m[2m | [22m
[32mchunk-4JY2JRZY.js[39m  [2m | [22m[2m-[22m                                  [2m | [22m [36m83.22 kB[39m[2m | [22m
[32mchunk-J6D4SC4C.js[39m  [2m | [22m[2mbulk-master-products-page-component[22m[2m | [22m [36m78.22 kB[39m[2m | [22m
[32mchunk-7LHIFCNZ.js[39m  [2m | [22m[2m-[22m                                  [2m | [22m [36m71.97 kB[39m[2m | [22m
[32mchunk-GDKVAH3C.js[39m  [2m | [22m[2mcategory-details-component[22m         [2m | [22m [36m71.79 kB[39m[2m | [22m
[2m...and 88 more lazy chunks files. Use "--verbose" to show all the files.[22m

Application bundle generation complete. [29.666 seconds]

Watch mode enabled. Watching for file changes...
NOTE: Raw file sizes do not reflect development server per-request transformations.
  [32m➜[39m  [1mLocal[22m:   [36mhttp://127.0.0.1:[1m4200[22m/[39m
[33m>[39m Changes detected. Rebuilding...
[32m√[39m Changes detected. Rebuilding...
[1mInitial chunk files[22m[2m | [22m[1mNames[22m              [2m | [22m [1mRaw size[22m
[32mmain.js[39m            [2m | [22m[2mmain[22m               [2m | [22m [36m71.41 kB[39m[2m | [22m

[1mLazy chunk files[22m   [2m | [22m[1mNames[22m              [2m | [22m [1mRaw size[22m
[32mchunk-BAS73KZK.js[39m  [2m | [22m[2mdashboard-component[22m[2m | [22m[36m143.78 kB[39m[2m | [22m
[32mchunk-T7IOIBC6.js[39m  [2m | [22m[2mdashboard-routes[22m   [2m | [22m[36m294 bytes[39m[2m | [22m

Application bundle generation complete. [40.447 seconds]

Page reload sent to client(s).
[33m>[39m Changes detected. Rebuilding...
[32m√[39m Changes detected. Rebuilding...
[1mInitial chunk files[22m[2m | [22m[1mNames[22m              [2m | [22m [1mRaw size[22m
[32mmain.js[39m            [2m | [22m[2mmain[22m               [2m | [22m [36m71.41 kB[39m[2m | [22m

[1mLazy chunk files[22m   [2m | [22m[1mNames[22m              [2m | [22m [1mRaw size[22m
[32mchunk-AMTHZ654.js[39m  [2m | [22m[2mdashboard-component[22m[2m | [22m[36m147.90 kB[39m[2m | [22m
[32mchunk-WQB3XRYV.js[39m  [2m | [22m[2mdashboard-routes[22m   [2m | [22m[36m294 bytes[39m[2m | [22m

Application bundle generation complete. [5.030 seconds]

Page reload sent to client(s).
[33m>[39m Changes detected. Rebuilding...
[32m√[39m Changes detected. Rebuilding...
[1mInitial chunk files[22m[2m | [22m[1mNames[22m              [2m | [22m [1mRaw size[22m
[32mmain.js[39m            [2m | [22m[2mmain[22m               [2m | [22m [36m71.41 kB[39m[2m | [22m

[1mLazy chunk files[22m   [2m | [22m[1mNames[22m              [2m | [22m [1mRaw size[22m
[32mchunk-5NN3YZJB.js[39m  [2m | [22m[2mdashboard-component[22m[2m | [22m[36m146.59 kB[39m[2m | [22m
[32mchunk-XEQ5GMTP.js[39m  [2m | [22m[2mdashboard-routes[22m   [2m | [22m[36m294 bytes[39m[2m | [22m

Application bundle generation complete. [2.829 seconds]

Page reload sent to client(s).
[33m>[39m Changes detected. Rebuilding...
[32m√[39m Changes detected. Rebuilding...
[1mInitial chunk files[22m[2m | [22m[1mNames[22m              [2m | [22m [1mRaw size[22m
[32mmain.js[39m            [2m | [22m[2mmain[22m               [2m | [22m [36m71.41 kB[39m[2m | [22m

[1mLazy chunk files[22m   [2m | [22m[1mNames[22m              [2m | [22m [1mRaw size[22m
[32mchunk-2UU25WIU.js[39m  [2m | [22m[2mdashboard-component[22m[2m | [22m[36m150.35 kB[39m[2m | [22m
[32mchunk-DKHTYJJO.js[39m  [2m | [22m[2mdashboard-routes[22m   [2m | [22m[36m294 bytes[39m[2m | [22m

Application bundle generation complete. [3.618 seconds]

Page reload sent to client(s).
[33m>[39m Changes detected. Rebuilding...
[32m√[39m Changes detected. Rebuilding...
[1mInitial chunk files[22m[2m | [22m[1mNames[22m              [2m | [22m [1mRaw size[22m
[32mmain.js[39m            [2m | [22m[2mmain[22m               [2m | [22m [36m71.41 kB[39m[2m | [22m

[1mLazy chunk files[22m   [2m | [22m[1mNames[22m              [2m | [22m [1mRaw size[22m
[32mchunk-4LJKZHGB.js[39m  [2m | [22m[2mdashboard-component[22m[2m | [22m[36m150.84 kB[39m[2m | [22m
[32mchunk-XOCEOGVF.js[39m  [2m | [22m[2mdashboard-routes[22m   [2m | [22m[36m294 bytes[39m[2m | [22m

Application bundle generation complete. [4.398 seconds]

Page reload sent to client(s).
[33m>[39m Changes detected. Rebuilding...
[32m√[39m Changes detected. Rebuilding...
[1mInitial chunk files[22m[2m | [22m[1mNames[22m              [2m | [22m [1mRaw size[22m
[32mmain.js[39m            [2m | [22m[2mmain[22m               [2m | [22m [36m71.41 kB[39m[2m | [22m

[1mLazy chunk files[22m   [2m | [22m[1mNames[22m              [2m | [22m [1mRaw size[22m
[32mchunk-ZTMAM67L.js[39m  [2m | [22m[2mdashboard-component[22m[2m | [22m[36m148.62 kB[39m[2m | [22m
[32mchunk-OCLRY5RA.js[39m  [2m | [22m[2mdashboard-routes[22m   [2m | [22m[36m294 bytes[39m[2m | [22m

Application bundle generation complete. [3.389 seconds]

Page reload sent to client(s).
[33m>[39m Changes detected. Rebuilding...
[32m√[39m Changes detected. Rebuilding...
[1mInitial chunk files[22m[2m | [22m[1mNames[22m              [2m | [22m [1mRaw size[22m
[32mmain.js[39m            [2m | [22m[2mmain[22m               [2m | [22m [36m71.41 kB[39m[2m | [22m

[1mLazy chunk files[22m   [2m | [22m[1mNames[22m              [2m | [22m [1mRaw size[22m
[32mchunk-D2KZ7AI3.js[39m  [2m | [22m[2mdashboard-component[22m[2m | [22m[36m162.78 kB[39m[2m | [22m
[32mchunk-EDJEKZQD.js[39m  [2m | [22m[2mdashboard-routes[22m   [2m | [22m[36m294 bytes[39m[2m | [22m

Application bundle generation complete. [4.129 seconds]

Page reload sent to client(s).
[33m>[39m Changes detected. Rebuilding...
[32m√[39m Changes detected. Rebuilding...
[1mInitial chunk files[22m[2m | [22m[1mNames[22m              [2m | [22m [1mRaw size[22m
[32mmain.js[39m            [2m | [22m[2mmain[22m               [2m | [22m [36m71.41 kB[39m[2m | [22m

[1mLazy chunk files[22m   [2m | [22m[1mNames[22m              [2m | [22m [1mRaw size[22m
[32mchunk-ZTMAM67L.js[39m  [2m | [22m[2mdashboard-component[22m[2m | [22m[36m148.62 kB[39m[2m | [22m
[32mchunk-OCLRY5RA.js[39m  [2m | [22m[2mdashboard-routes[22m   [2m | [22m[36m294 bytes[39m[2m | [22m

Application bundle generation complete. [3.311 seconds]

Page reload sent to client(s).
[33m>[39m Changes detected. Rebuilding...
[32m√[39m Changes detected. Rebuilding...
[1mInitial chunk files[22m[2m | [22m[1mNames[22m [2m | [22m [1mRaw size[22m
[32mstyles.css[39m         [2m | [22m[2mstyles[22m[2m | [22m[36m287.86 kB[39m[2m | [22m

Application bundle generation complete. [4.930 seconds]

HMR update sent to client(s).
[33m>[39m Changes detected. Rebuilding...
[32m√[39m Changes detected. Rebuilding...
[1mInitial chunk files[22m[2m | [22m[1mNames[22m              [2m | [22m [1mRaw size[22m
[32mmain.js[39m            [2m | [22m[2mmain[22m               [2m | [22m [36m71.41 kB[39m[2m | [22m

[1mLazy chunk files[22m   [2m | [22m[1mNames[22m              [2m | [22m [1mRaw size[22m
[32mchunk-LYAFLSLD.js[39m  [2m | [22m[2mdashboard-component[22m[2m | [22m[36m149.04 kB[39m[2m | [22m
[32mchunk-UUX56DRF.js[39m  [2m | [22m[2mdashboard-routes[22m   [2m | [22m[36m294 bytes[39m[2m | [22m

Application bundle generation complete. [2.498 seconds]

Page reload sent to client(s).
[33m>[39m Changes detected. Rebuilding...
[32m√[39m Changes detected. Rebuilding...
[1mInitial chunk files[22m[2m | [22m[1mNames[22m              [2m | [22m [1mRaw size[22m
[32mmain.js[39m            [2m | [22m[2mmain[22m               [2m | [22m [36m71.41 kB[39m[2m | [22m

[1mLazy chunk files[22m   [2m | [22m[1mNames[22m              [2m | [22m [1mRaw size[22m
[32mchunk-2RYEQSXY.js[39m  [2m | [22m[2mdashboard-component[22m[2m | [22m[36m146.53 kB[39m[2m | [22m
[32mchunk-FU4BPMVQ.js[39m  [2m | [22m[2mdashboard-routes[22m   [2m | [22m[36m294 bytes[39m[2m | [22m

Application bundle generation complete. [9.738 seconds]

Page reload sent to client(s).
[33m>[39m Changes detected. Rebuilding...
[32m√[39m Changes detected. Rebuilding...
[1mInitial chunk files[22m[2m | [22m[1mNames[22m [2m | [22m [1mRaw size[22m
[32mstyles.css[39m         [2m | [22m[2mstyles[22m[2m | [22m[36m288.26 kB[39m[2m | [22m

Application bundle generation complete. [6.233 seconds]

HMR update sent to client(s).
[33m>[39m Changes detected. Rebuilding...
[32m√[39m Changes detected. Rebuilding...
[1mInitial chunk files[22m[2m | [22m[1mNames[22m              [2m | [22m [1mRaw size[22m
[32mmain.js[39m            [2m | [22m[2mmain[22m               [2m | [22m [36m71.41 kB[39m[2m | [22m

[1mLazy chunk files[22m   [2m | [22m[1mNames[22m              [2m | [22m [1mRaw size[22m
[32mchunk-X7J3KBAU.js[39m  [2m | [22m[2mdashboard-component[22m[2m | [22m[36m148.52 kB[39m[2m | [22m
[32mchunk-ENEYLUNF.js[39m  [2m | [22m[2mdashboard-routes[22m   [2m | [22m[36m294 bytes[39m[2m | [22m

Application bundle generation complete. [2.509 seconds]

Page reload sent to client(s).
[33m>[39m Changes detected. Rebuilding...
[32m√[39m Changes detected. Rebuilding...
[1mInitial chunk files[22m[2m | [22m[1mNames[22m [2m | [22m [1mRaw size[22m
[32mstyles.css[39m         [2m | [22m[2mstyles[22m[2m | [22m[36m288.38 kB[39m[2m | [22m

Application bundle generation complete. [4.143 seconds]

HMR update sent to client(s).
[33m>[39m Changes detected. Rebuilding...
[32m√[39m Changes detected. Rebuilding...
[1mInitial chunk files[22m[2m | [22m[1mNames[22m [2m | [22m [1mRaw size[22m
[32mstyles.css[39m         [2m | [22m[2mstyles[22m[2m | [22m[36m288.12 kB[39m[2m | [22m

Application bundle generation complete. [4.436 seconds]

HMR update sent to client(s).
[33m>[39m Changes detected. Rebuilding...
[32m√[39m Changes detected. Rebuilding...
[1mInitial chunk files[22m[2m | [22m[1mNames[22m              [2m | [22m [1mRaw size[22m
[32mstyles.css[39m         [2m | [22m[2mstyles[22m             [2m | [22m[36m288.21 kB[39m[2m | [22m
[32mmain.js[39m            [2m | [22m[2mmain[22m               [2m | [22m [36m71.41 kB[39m[2m | [22m

[1mLazy chunk files[22m   [2m | [22m[1mNames[22m              [2m | [22m [1mRaw size[22m
[32mchunk-XX3ON5Z7.js[39m  [2m | [22m[2mdashboard-component[22m[2m | [22m[36m148.53 kB[39m[2m | [22m
[32mchunk-BBJOTIOV.js[39m  [2m | [22m[2mdashboard-routes[22m   [2m | [22m[36m294 bytes[39m[2m | [22m

Application bundle generation complete. [2.849 seconds]

Page reload sent to client(s).
[33m>[39m Changes detected. Rebuilding...
[32m√[39m Changes detected. Rebuilding...
[1mInitial chunk files[22m[2m | [22m[1mNames[22m              [2m | [22m [1mRaw size[22m
[32mstyles.css[39m         [2m | [22m[2mstyles[22m             [2m | [22m[36m288.66 kB[39m[2m | [22m
[32mmain.js[39m            [2m | [22m[2mmain[22m               [2m | [22m [36m71.41 kB[39m[2m | [22m

[1mLazy chunk files[22m   [2m | [22m[1mNames[22m              [2m | [22m [1mRaw size[22m
[32mchunk-D5QY2WMI.js[39m  [2m | [22m[2mdashboard-component[22m[2m | [22m[36m148.72 kB[39m[2m | [22m
[32mchunk-RTGCLPU3.js[39m  [2m | [22m[2mdashboard-routes[22m   [2m | [22m[36m294 bytes[39m[2m | [22m

Application bundle generation complete. [4.949 seconds]

Page reload sent to client(s).
[33m>[39m Changes detected. Rebuilding...
[32m√[39m Changes detected. Rebuilding...
[1mInitial chunk files[22m[2m | [22m[1mNames[22m              [2m | [22m [1mRaw size[22m
[32mmain.js[39m            [2m | [22m[2mmain[22m               [2m | [22m [36m71.41 kB[39m[2m | [22m

[1mLazy chunk files[22m   [2m | [22m[1mNames[22m              [2m | [22m [1mRaw size[22m
[32mchunk-N2IWY4ZV.js[39m  [2m | [22m[2mdashboard-component[22m[2m | [22m[36m148.72 kB[39m[2m | [22m
[32mchunk-ZIQ4MKYK.js[39m  [2m | [22m[2mdashboard-routes[22m   [2m | [22m[36m294 bytes[39m[2m | [22m

Application bundle generation complete. [2.939 seconds]

Page reload sent to client(s).
[33m>[39m Changes detected. Rebuilding...
[32m√[39m Changes detected. Rebuilding...
[1mInitial chunk files[22m[2m | [22m[1mNames[22m              [2m | [22m [1mRaw size[22m
[32mstyles.css[39m         [2m | [22m[2mstyles[22m             [2m | [22m[36m288.70 kB[39m[2m | [22m
[32mmain.js[39m            [2m | [22m[2mmain[22m               [2m | [22m [36m71.41 kB[39m[2m | [22m

[1mLazy chunk files[22m   [2m | [22m[1mNames[22m              [2m | [22m [1mRaw size[22m
[32mchunk-22F3MSRO.js[39m  [2m | [22m[2mdashboard-component[22m[2m | [22m[36m148.71 kB[39m[2m | [22m
[32mchunk-MEPBRTFA.js[39m  [2m | [22m[2mdashboard-routes[22m   [2m | [22m[36m294 bytes[39m[2m | [22m

Application bundle generation complete. [2.532 seconds]

Page reload sent to client(s).
[33m>[39m Changes detected. Rebuilding...
[32m√[39m Changes detected. Rebuilding...
[1mInitial chunk files[22m[2m | [22m[1mNames[22m              [2m | [22m [1mRaw size[22m
[32mmain.js[39m            [2m | [22m[2mmain[22m               [2m | [22m [36m71.41 kB[39m[2m | [22m

[1mLazy chunk files[22m   [2m | [22m[1mNames[22m              [2m | [22m [1mRaw size[22m
[32mchunk-CMF5ZC7G.js[39m  [2m | [22m[2mdashboard-component[22m[2m | [22m[36m148.67 kB[39m[2m | [22m
[32mchunk-CFPWQQE6.js[39m  [2m | [22m[2mdashboard-routes[22m   [2m | [22m[36m294 bytes[39m[2m | [22m

Application bundle generation complete. [4.871 seconds]

Page reload sent to client(s).
[33m>[39m Changes detected. Rebuilding...
[32m√[39m Changes detected. Rebuilding...
[1mInitial chunk files[22m[2m | [22m[1mNames[22m              [2m | [22m [1mRaw size[22m
[32mmain.js[39m            [2m | [22m[2mmain[22m               [2m | [22m [36m71.41 kB[39m[2m | [22m

[1mLazy chunk files[22m   [2m | [22m[1mNames[22m              [2m | [22m [1mRaw size[22m
[32mchunk-DBUG6TZY.js[39m  [2m | [22m[2mdashboard-component[22m[2m | [22m[36m149.31 kB[39m[2m | [22m
[32mchunk-HVOV522N.js[39m  [2m | [22m[2mdashboard-routes[22m   [2m | [22m[36m294 bytes[39m[2m | [22m

Application bundle generation complete. [3.141 seconds]

Page reload sent to client(s).
[33m>[39m Changes detected. Rebuilding...
[32m√[39m Changes detected. Rebuilding...
[1mInitial chunk files[22m[2m | [22m[1mNames[22m              [2m | [22m [1mRaw size[22m
[32mmain.js[39m            [2m | [22m[2mmain[22m               [2m | [22m [36m71.41 kB[39m[2m | [22m

[1mLazy chunk files[22m   [2m | [22m[1mNames[22m              [2m | [22m [1mRaw size[22m
[32mchunk-R7WFEX6K.js[39m  [2m | [22m[2mdashboard-component[22m[2m | [22m[36m149.31 kB[39m[2m | [22m
[32mchunk-UOTKJZ5J.js[39m  [2m | [22m[2mdashboard-routes[22m   [2m | [22m[36m294 bytes[39m[2m | [22m

Application bundle generation complete. [3.265 seconds]

Page reload sent to client(s).
[33m>[39m Changes detected. Rebuilding...
[32m√[39m Changes detected. Rebuilding...
[1mInitial chunk files[22m[2m | [22m[1mNames[22m              [2m | [22m [1mRaw size[22m
[32mmain.js[39m            [2m | [22m[2mmain[22m               [2m | [22m [36m71.41 kB[39m[2m | [22m

[1mLazy chunk files[22m   [2m | [22m[1mNames[22m              [2m | [22m [1mRaw size[22m
[32mchunk-U4LARA5O.js[39m  [2m | [22m[2mdashboard-component[22m[2m | [22m[36m149.56 kB[39m[2m | [22m
[32mchunk-CHV3AVAW.js[39m  [2m | [22m[2mdashboard-routes[22m   [2m | [22m[36m294 bytes[39m[2m | [22m

Application bundle generation complete. [2.027 seconds]

Page reload sent to client(s).
[33m>[39m Changes detected. Rebuilding...
[32m√[39m Changes detected. Rebuilding...
[1mInitial chunk files[22m[2m | [22m[1mNames[22m              [2m | [22m [1mRaw size[22m
[32mmain.js[39m            [2m | [22m[2mmain[22m               [2m | [22m [36m71.41 kB[39m[2m | [22m

[1mLazy chunk files[22m   [2m | [22m[1mNames[22m              [2m | [22m [1mRaw size[22m
[32mchunk-TNYBZK3R.js[39m  [2m | [22m[2mdashboard-component[22m[2m | [22m[36m149.56 kB[39m[2m | [22m
[32mchunk-T6D73ZQL.js[39m  [2m | [22m[2mdashboard-routes[22m   [2m | [22m[36m294 bytes[39m[2m | [22m

Application bundle generation complete. [2.288 seconds]

Page reload sent to client(s).
[33m>[39m Changes detected. Rebuilding...
[32m√[39m Changes detected. Rebuilding...
[1mInitial chunk files[22m[2m | [22m[1mNames[22m              [2m | [22m [1mRaw size[22m
[32mmain.js[39m            [2m | [22m[2mmain[22m               [2m | [22m [36m71.41 kB[39m[2m | [22m

[1mLazy chunk files[22m   [2m | [22m[1mNames[22m              [2m | [22m [1mRaw size[22m
[32mchunk-2JIC3GMT.js[39m  [2m | [22m[2mdashboard-component[22m[2m | [22m[36m149.60 kB[39m[2m | [22m
[32mchunk-QW3WCW2D.js[39m  [2m | [22m[2mdashboard-routes[22m   [2m | [22m[36m294 bytes[39m[2m | [22m

Application bundle generation complete. [2.433 seconds]

Page reload sent to client(s).
[33m>[39m Changes detected. Rebuilding...
[32m√[39m Changes detected. Rebuilding...
[1mInitial chunk files[22m[2m | [22m[1mNames[22m              [2m | [22m [1mRaw size[22m
[32mmain.js[39m            [2m | [22m[2mmain[22m               [2m | [22m [36m71.41 kB[39m[2m | [22m

[1mLazy chunk files[22m   [2m | [22m[1mNames[22m              [2m | [22m [1mRaw size[22m
[32mchunk-V5XAO2QP.js[39m  [2m | [22m[2mdashboard-component[22m[2m | [22m[36m153.40 kB[39m[2m | [22m
[32mchunk-JWZW74A7.js[39m  [2m | [22m[2mdashboard-routes[22m   [2m | [22m[36m294 bytes[39m[2m | [22m

Application bundle generation complete. [3.410 seconds]

Page reload sent to client(s).
[33m>[39m Changes detected. Rebuilding...
[32m√[39m Changes detected. Rebuilding...
[1mInitial chunk files[22m[2m | [22m[1mNames[22m              [2m | [22m [1mRaw size[22m
[32mmain.js[39m            [2m | [22m[2mmain[22m               [2m | [22m [36m71.41 kB[39m[2m | [22m

[1mLazy chunk files[22m   [2m | [22m[1mNames[22m              [2m | [22m [1mRaw size[22m
[32mchunk-U7IR2FRS.js[39m  [2m | [22m[2mdashboard-component[22m[2m | [22m[36m154.40 kB[39m[2m | [22m
[32mchunk-KW4E6MCU.js[39m  [2m | [22m[2mdashboard-routes[22m   [2m | [22m[36m294 bytes[39m[2m | [22m

Application bundle generation complete. [2.155 seconds]

Page reload sent to client(s).
[33m>[39m Changes detected. Rebuilding...
[32m√[39m Changes detected. Rebuilding...
[1mInitial chunk files[22m[2m | [22m[1mNames[22m              [2m | [22m [1mRaw size[22m
[32mmain.js[39m            [2m | [22m[2mmain[22m               [2m | [22m [36m71.41 kB[39m[2m | [22m

[1mLazy chunk files[22m   [2m | [22m[1mNames[22m              [2m | [22m [1mRaw size[22m
[32mchunk-53PXPPIE.js[39m  [2m | [22m[2mdashboard-component[22m[2m | [22m[36m154.57 kB[39m[2m | [22m
[32mchunk-DC4UMWKV.js[39m  [2m | [22m[2mdashboard-routes[22m   [2m | [22m[36m294 bytes[39m[2m | [22m

Application bundle generation complete. [1.598 seconds]

Page reload sent to client(s).
[33m>[39m Changes detected. Rebuilding...
[32m√[39m Changes detected. Rebuilding...
[1mInitial chunk files[22m[2m | [22m[1mNames[22m              [2m | [22m [1mRaw size[22m
[32mstyles.css[39m         [2m | [22m[2mstyles[22m             [2m | [22m[36m288.73 kB[39m[2m | [22m
[32mmain.js[39m            [2m | [22m[2mmain[22m               [2m | [22m [36m71.41 kB[39m[2m | [22m

[1mLazy chunk files[22m   [2m | [22m[1mNames[22m              [2m | [22m [1mRaw size[22m
[32mchunk-3GZMXCN2.js[39m  [2m | [22m[2mdashboard-component[22m[2m | [22m[36m155.05 kB[39m[2m | [22m
[32mchunk-THBQEP4J.js[39m  [2m | [22m[2mdashboard-routes[22m   [2m | [22m[36m294 bytes[39m[2m | [22m

Application bundle generation complete. [2.292 seconds]

Page reload sent to client(s).
[33m>[39m Changes detected. Rebuilding...
[32m√[39m Changes detected. Rebuilding...
[1mInitial chunk files[22m[2m | [22m[1mNames[22m              [2m | [22m [1mRaw size[22m
[32mmain.js[39m            [2m | [22m[2mmain[22m               [2m | [22m [36m71.41 kB[39m[2m | [22m

[1mLazy chunk files[22m   [2m | [22m[1mNames[22m              [2m | [22m [1mRaw size[22m
[32mchunk-DJ7VCNRK.js[39m  [2m | [22m[2mdashboard-component[22m[2m | [22m[36m156.09 kB[39m[2m | [22m
[32mchunk-3V4SCNK7.js[39m  [2m | [22m[2mdashboard-routes[22m   [2m | [22m[36m294 bytes[39m[2m | [22m

Application bundle generation complete. [2.372 seconds]

Page reload sent to client(s).
[33m>[39m Changes detected. Rebuilding...
[32m√[39m Changes detected. Rebuilding...
[1mInitial chunk files[22m[2m | [22m[1mNames[22m              [2m | [22m [1mRaw size[22m
[32mmain.js[39m            [2m | [22m[2mmain[22m               [2m | [22m [36m71.41 kB[39m[2m | [22m

[1mLazy chunk files[22m   [2m | [22m[1mNames[22m              [2m | [22m [1mRaw size[22m
[32mchunk-BIQBPUPR.js[39m  [2m | [22m[2mdashboard-component[22m[2m | [22m[36m156.12 kB[39m[2m | [22m
[32mchunk-GX7J3IHF.js[39m  [2m | [22m[2mdashboard-routes[22m   [2m | [22m[36m294 bytes[39m[2m | [22m

Application bundle generation complete. [2.755 seconds]

Page reload sent to client(s).
[33m>[39m Changes detected. Rebuilding...
[32m√[39m Changes detected. Rebuilding...
Application bundle generation failed. [2.361 seconds]

[33m>[39m Changes detected. Rebuilding...
[32m√[39m Changes detected. Rebuilding...
Application bundle generation failed. [1.498 seconds]

[33m>[39m Changes detected. Rebuilding...
[32m√[39m Changes detected. Rebuilding...
[1mInitial chunk files[22m[2m | [22m[1mNames[22m                              [2m | [22m [1mRaw size[22m
[32mstyles.css[39m         [2m | [22m[2mstyles[22m                             [2m | [22m[36m288.73 kB[39m[2m | [22m
[32mpolyfills.js[39m       [2m | [22m[2mpolyfills[22m                          [2m | [22m [36m90.20 kB[39m[2m | [22m
[32mmain.js[39m            [2m | [22m[2mmain[22m                               [2m | [22m [36m71.41 kB[39m[2m | [22m
[32mchunk-RHZBUB7Q.js[39m  [2m | [22m[2m-[22m                                  [2m | [22m  [36m7.42 kB[39m[2m | [22m
[32mchunk-LTV7NNQO.js[39m  [2m | [22m[2m-[22m                                  [2m | [22m  [36m5.29 kB[39m[2m | [22m
[32mchunk-WDMUDEB6.js[39m  [2m | [22m[2m-[22m                                  [2m | [22m  [36m1.93 kB[39m[2m | [22m
[32mchunk-ZWUJSGC3.js[39m  [2m | [22m[2m-[22m                                  [2m | [22m  [36m1.91 kB[39m[2m | [22m
[32mchunk-FMKMVIXV.js[39m  [2m | [22m[2m-[22m                                  [2m | [22m  [36m1.87 kB[39m[2m | [22m
[32mchunk-AZICPPH2.js[39m  [2m | [22m[2m-[22m                                  [2m | [22m  [36m1.59 kB[39m[2m | [22m
[32mchunk-MYUS6GBI.js[39m  [2m | [22m[2m-[22m                                  [2m | [22m[36m219 bytes[39m[2m | [22m

[1m [22m                  [2m | [22m[1mInitial total[22m                      [2m | [22m[1m470.57 kB[22m

[1mLazy chunk files[22m   [2m | [22m[1mNames[22m                              [2m | [22m [1mRaw size[22m
[32mchunk-QX25PQMA.js[39m  [2m | [22m[2morders-routes[22m                      [2m | [22m[36m340.77 kB[39m[2m | [22m
[32mchunk-S5AD45PW.js[39m  [2m | [22m[2mdriver-detail-component[22m            [2m | [22m[36m331.65 kB[39m[2m | [22m
[32mchunk-IFF4VCQH.js[39m  [2m | [22m[2mdisputes-dashboard-component[22m       [2m | [22m[36m326.53 kB[39m[2m | [22m
[32mchunk-UF445HCJ.js[39m  [2m | [22m[2mvendor-detail-component[22m            [2m | [22m[36m179.46 kB[39m[2m | [22m
[32mchunk-VLLKUN5A.js[39m  [2m | [22m[2mvendor-finance-component[22m           [2m | [22m[36m177.75 kB[39m[2m | [22m
[32mchunk-HCY7D7CW.js[39m  [2m | [22m[2mdashboard-component[22m                [2m | [22m[36m167.19 kB[39m[2m | [22m
[32mchunk-S3YRN4PJ.js[39m  [2m | [22m[2memail-center-component[22m             [2m | [22m[36m125.67 kB[39m[2m | [22m
[32mchunk-WA4VHB2A.js[39m  [2m | [22m[2mvendors-list-component[22m             [2m | [22m[36m106.85 kB[39m[2m | [22m
[32mchunk-RU2BPSLB.js[39m  [2m | [22m[2mvendor-compliance-component[22m        [2m | [22m[36m106.83 kB[39m[2m | [22m
[32mchunk-DISHET24.js[39m  [2m | [22m[2mcustomer-detail-component[22m          [2m | [22m [36m92.40 kB[39m[2m | [22m
[32mchunk-C4RNEZ5F.js[39m  [2m | [22m[2madmin-user-detail-component[22m        [2m | [22m [36m88.29 kB[39m[2m | [22m
[32mchunk-4JY2JRZY.js[39m  [2m | [22m[2m-[22m                                  [2m | [22m [36m83.22 kB[39m[2m | [22m
[32mchunk-J6D4SC4C.js[39m  [2m | [22m[2mbulk-master-products-page-component[22m[2m | [22m [36m78.22 kB[39m[2m | [22m
[32mchunk-7LHIFCNZ.js[39m  [2m | [22m[2m-[22m                                  [2m | [22m [36m71.97 kB[39m[2m | [22m
[32mchunk-GDKVAH3C.js[39m  [2m | [22m[2mcategory-details-component[22m         [2m | [22m [36m71.79 kB[39m[2m | [22m
[2m...and 88 more lazy chunks files. Use "--verbose" to show all the files.[22m

Application bundle generation complete. [2.409 seconds]

Page reload sent to client(s).
[33m>[39m Changes detected. Rebuilding...
[32m√[39m Changes detected. Rebuilding...
[1mInitial chunk files[22m[2m | [22m[1mNames[22m              [2m | [22m [1mRaw size[22m
[32mmain.js[39m            [2m | [22m[2mmain[22m               [2m | [22m [36m71.41 kB[39m[2m | [22m

[1mLazy chunk files[22m   [2m | [22m[1mNames[22m              [2m | [22m [1mRaw size[22m
[32mchunk-C5TNIL2G.js[39m  [2m | [22m[2mdashboard-component[22m[2m | [22m[36m165.86 kB[39m[2m | [22m
[32mchunk-JVGVN5JI.js[39m  [2m | [22m[2mdashboard-routes[22m   [2m | [22m[36m294 bytes[39m[2m | [22m

Application bundle generation complete. [3.817 seconds]

Page reload sent to client(s).
[33m>[39m Changes detected. Rebuilding...
[32m√[39m Changes detected. Rebuilding...
[1mInitial chunk files[22m[2m | [22m[1mNames[22m              [2m | [22m [1mRaw size[22m
[32mmain.js[39m            [2m | [22m[2mmain[22m               [2m | [22m [36m71.41 kB[39m[2m | [22m

[1mLazy chunk files[22m   [2m | [22m[1mNames[22m              [2m | [22m [1mRaw size[22m
[32mchunk-BHTQNEMC.js[39m  [2m | [22m[2mdashboard-component[22m[2m | [22m[36m165.76 kB[39m[2m | [22m
[32mchunk-5TRRJKCG.js[39m  [2m | [22m[2mdashboard-routes[22m   [2m | [22m[36m294 bytes[39m[2m | [22m

Application bundle generation complete. [3.087 seconds]

Page reload sent to client(s).
[33m>[39m Changes detected. Rebuilding...
[32m√[39m Changes detected. Rebuilding...
[1mInitial chunk files[22m[2m | [22m[1mNames[22m              [2m | [22m [1mRaw size[22m
[32mmain.js[39m            [2m | [22m[2mmain[22m               [2m | [22m [36m71.41 kB[39m[2m | [22m

[1mLazy chunk files[22m   [2m | [22m[1mNames[22m              [2m | [22m [1mRaw size[22m
[32mchunk-VFTQZX4X.js[39m  [2m | [22m[2mdashboard-component[22m[2m | [22m[36m164.45 kB[39m[2m | [22m
[32mchunk-KQE5WO2A.js[39m  [2m | [22m[2mdashboard-routes[22m   [2m | [22m[36m294 bytes[39m[2m | [22m

Application bundle generation complete. [1.934 seconds]

Page reload sent to client(s).
[33m>[39m Changes detected. Rebuilding...
[32m√[39m Changes detected. Rebuilding...
[1mInitial chunk files[22m[2m | [22m[1mNames[22m              [2m | [22m [1mRaw size[22m
[32mmain.js[39m            [2m | [22m[2mmain[22m               [2m | [22m [36m71.41 kB[39m[2m | [22m

[1mLazy chunk files[22m   [2m | [22m[1mNames[22m              [2m | [22m [1mRaw size[22m
[32mchunk-AMKOV2VK.js[39m  [2m | [22m[2mdashboard-component[22m[2m | [22m[36m164.16 kB[39m[2m | [22m
[32mchunk-6XHOIIUY.js[39m  [2m | [22m[2mdashboard-routes[22m   [2m | [22m[36m294 bytes[39m[2m | [22m

Application bundle generation complete. [3.106 seconds]

Page reload sent to client(s).
[33m>[39m Changes detected. Rebuilding...
[32m√[39m Changes detected. Rebuilding...
[1mInitial chunk files[22m[2m | [22m[1mNames[22m              [2m | [22m [1mRaw size[22m
[32mmain.js[39m            [2m | [22m[2mmain[22m               [2m | [22m [36m71.41 kB[39m[2m | [22m

[1mLazy chunk files[22m   [2m | [22m[1mNames[22m              [2m | [22m [1mRaw size[22m
[32mchunk-7Y2TOIV6.js[39m  [2m | [22m[2mdashboard-component[22m[2m | [22m[36m164.16 kB[39m[2m | [22m
[32mchunk-UZA2M6OR.js[39m  [2m | [22m[2mdashboard-routes[22m   [2m | [22m[36m294 bytes[39m[2m | [22m

Application bundle generation complete. [6.195 seconds]

Page reload sent to client(s).
[33m>[39m Changes detected. Rebuilding...
[32m√[39m Changes detected. Rebuilding...
Application bundle generation failed. [1.978 seconds]

[33m>[39m Changes detected. Rebuilding...
[32m√[39m Changes detected. Rebuilding...
Application bundle generation failed. [2.416 seconds]

[33m>[39m Changes detected. Rebuilding...
[32m√[39m Changes detected. Rebuilding...
Application bundle generation failed. [4.167 seconds]

[33m>[39m Changes detected. Rebuilding...
[32m√[39m Changes detected. Rebuilding...
[1mInitial chunk files[22m[2m | [22m[1mNames[22m                              [2m | [22m [1mRaw size[22m
[32mstyles.css[39m         [2m | [22m[2mstyles[22m                             [2m | [22m[36m288.43 kB[39m[2m | [22m
[32mpolyfills.js[39m       [2m | [22m[2mpolyfills[22m                          [2m | [22m [36m90.20 kB[39m[2m | [22m
[32mmain.js[39m            [2m | [22m[2mmain[22m                               [2m | [22m [36m71.41 kB[39m[2m | [22m
[32mchunk-RHZBUB7Q.js[39m  [2m | [22m[2m-[22m                                  [2m | [22m  [36m7.42 kB[39m[2m | [22m
[32mchunk-LTV7NNQO.js[39m  [2m | [22m[2m-[22m                                  [2m | [22m  [36m5.29 kB[39m[2m | [22m
[32mchunk-WDMUDEB6.js[39m  [2m | [22m[2m-[22m                                  [2m | [22m  [36m1.93 kB[39m[2m | [22m
[32mchunk-ZWUJSGC3.js[39m  [2m | [22m[2m-[22m                                  [2m | [22m  [36m1.91 kB[39m[2m | [22m
[32mchunk-FMKMVIXV.js[39m  [2m | [22m[2m-[22m                                  [2m | [22m  [36m1.87 kB[39m[2m | [22m
[32mchunk-AZICPPH2.js[39m  [2m | [22m[2m-[22m                                  [2m | [22m  [36m1.59 kB[39m[2m | [22m
[32mchunk-MYUS6GBI.js[39m  [2m | [22m[2m-[22m                                  [2m | [22m[36m219 bytes[39m[2m | [22m

[1m [22m                  [2m | [22m[1mInitial total[22m                      [2m | [22m[1m470.27 kB[22m

[1mLazy chunk files[22m   [2m | [22m[1mNames[22m                              [2m | [22m [1mRaw size[22m
[32mchunk-QX25PQMA.js[39m  [2m | [22m[2morders-routes[22m                      [2m | [22m[36m340.77 kB[39m[2m | [22m
[32mchunk-S5AD45PW.js[39m  [2m | [22m[2mdriver-detail-component[22m            [2m | [22m[36m331.65 kB[39m[2m | [22m
[32mchunk-IFF4VCQH.js[39m  [2m | [22m[2mdisputes-dashboard-component[22m       [2m | [22m[36m326.53 kB[39m[2m | [22m
[32mchunk-UF445HCJ.js[39m  [2m | [22m[2mvendor-detail-component[22m            [2m | [22m[36m179.46 kB[39m[2m | [22m
[32mchunk-VLLKUN5A.js[39m  [2m | [22m[2mvendor-finance-component[22m           [2m | [22m[36m177.75 kB[39m[2m | [22m
[32mchunk-YFI4TXAZ.js[39m  [2m | [22m[2mdashboard-component[22m                [2m | [22m[36m166.73 kB[39m[2m | [22m
[32mchunk-S3YRN4PJ.js[39m  [2m | [22m[2memail-center-component[22m             [2m | [22m[36m125.67 kB[39m[2m | [22m
[32mchunk-WA4VHB2A.js[39m  [2m | [22m[2mvendors-list-component[22m             [2m | [22m[36m106.85 kB[39m[2m | [22m
[32mchunk-RU2BPSLB.js[39m  [2m | [22m[2mvendor-compliance-component[22m        [2m | [22m[36m106.83 kB[39m[2m | [22m
[32mchunk-DISHET24.js[39m  [2m | [22m[2mcustomer-detail-component[22m          [2m | [22m [36m92.40 kB[39m[2m | [22m
[32mchunk-C4RNEZ5F.js[39m  [2m | [22m[2madmin-user-detail-component[22m        [2m | [22m [36m88.29 kB[39m[2m | [22m
[32mchunk-4JY2JRZY.js[39m  [2m | [22m[2m-[22m                                  [2m | [22m [36m83.22 kB[39m[2m | [22m
[32mchunk-J6D4SC4C.js[39m  [2m | [22m[2mbulk-master-products-page-component[22m[2m | [22m [36m78.22 kB[39m[2m | [22m
[32mchunk-7LHIFCNZ.js[39m  [2m | [22m[2m-[22m                                  [2m | [22m [36m71.97 kB[39m[2m | [22m
[32mchunk-GDKVAH3C.js[39m  [2m | [22m[2mcategory-details-component[22m         [2m | [22m [36m71.79 kB[39m[2m | [22m
[2m...and 88 more lazy chunks files. Use "--verbose" to show all the files.[22m

Application bundle generation complete. [4.017 seconds]

Page reload sent to client(s).
[33m>[39m Changes detected. Rebuilding...
[32m√[39m Changes detected. Rebuilding...
[1mInitial chunk files[22m[2m | [22m[1mNames[22m              [2m | [22m [1mRaw size[22m
[32mmain.js[39m            [2m | [22m[2mmain[22m               [2m | [22m [36m71.41 kB[39m[2m | [22m

[1mLazy chunk files[22m   [2m | [22m[1mNames[22m              [2m | [22m [1mRaw size[22m
[32mchunk-YJN7Z5SS.js[39m  [2m | [22m[2mdashboard-component[22m[2m | [22m[36m175.91 kB[39m[2m | [22m
[32mchunk-7LPTNGUT.js[39m  [2m | [22m[2mdashboard-routes[22m   [2m | [22m[36m294 bytes[39m[2m | [22m

Application bundle generation complete. [6.903 seconds]

Page reload sent to client(s).
[33m>[39m Changes detected. Rebuilding...
[32m√[39m Changes detected. Rebuilding...
[1mInitial chunk files[22m[2m | [22m[1mNames[22m              [2m | [22m [1mRaw size[22m
[32mmain.js[39m            [2m | [22m[2mmain[22m               [2m | [22m [36m71.41 kB[39m[2m | [22m

[1mLazy chunk files[22m   [2m | [22m[1mNames[22m              [2m | [22m [1mRaw size[22m
[32mchunk-RM457YU5.js[39m  [2m | [22m[2mdashboard-component[22m[2m | [22m[36m175.91 kB[39m[2m | [22m
[32mchunk-EN6DK37U.js[39m  [2m | [22m[2mdashboard-routes[22m   [2m | [22m[36m294 bytes[39m[2m | [22m

Application bundle generation complete. [5.486 seconds]

Page reload sent to client(s).
[33m>[39m Changes detected. Rebuilding...
[32m√[39m Changes detected. Rebuilding...
[1mInitial chunk files[22m[2m | [22m[1mNames[22m              [2m | [22m [1mRaw size[22m
[32mmain.js[39m            [2m | [22m[2mmain[22m               [2m | [22m [36m71.41 kB[39m[2m | [22m

[1mLazy chunk files[22m   [2m | [22m[1mNames[22m              [2m | [22m [1mRaw size[22m
[32mchunk-G7HYK2TV.js[39m  [2m | [22m[2mdashboard-component[22m[2m | [22m[36m173.20 kB[39m[2m | [22m
[32mchunk-J2X3QLXR.js[39m  [2m | [22m[2mdashboard-routes[22m   [2m | [22m[36m294 bytes[39m[2m | [22m

Application bundle generation complete. [2.207 seconds]

Page reload sent to client(s).
[33m>[39m Changes detected. Rebuilding...
[32m√[39m Changes detected. Rebuilding...
[1mInitial chunk files[22m[2m | [22m[1mNames[22m              [2m | [22m [1mRaw size[22m
[32mmain.js[39m            [2m | [22m[2mmain[22m               [2m | [22m [36m71.41 kB[39m[2m | [22m

[1mLazy chunk files[22m   [2m | [22m[1mNames[22m              [2m | [22m [1mRaw size[22m
[32mchunk-3Y3GASX7.js[39m  [2m | [22m[2mdashboard-component[22m[2m | [22m[36m171.67 kB[39m[2m | [22m
[32mchunk-NLWJDSDV.js[39m  [2m | [22m[2mdashboard-routes[22m   [2m | [22m[36m294 bytes[39m[2m | [22m

Application bundle generation complete. [2.755 seconds]

Page reload sent to client(s).
[33m>[39m Changes detected. Rebuilding...
[32m√[39m Changes detected. Rebuilding...
[1mInitial chunk files[22m[2m | [22m[1mNames[22m              [2m | [22m [1mRaw size[22m
[32mmain.js[39m            [2m | [22m[2mmain[22m               [2m | [22m [36m71.41 kB[39m[2m | [22m

[1mLazy chunk files[22m   [2m | [22m[1mNames[22m              [2m | [22m [1mRaw size[22m
[32mchunk-ARV7JO3V.js[39m  [2m | [22m[2mdashboard-component[22m[2m | [22m[36m155.15 kB[39m[2m | [22m
[32mchunk-WIY536PY.js[39m  [2m | [22m[2mdashboard-routes[22m   [2m | [22m[36m294 bytes[39m[2m | [22m

Application bundle generation complete. [2.817 seconds]

Page reload sent to client(s).
[33m>[39m Changes detected. Rebuilding...
[32m√[39m Changes detected. Rebuilding...
[1mInitial chunk files[22m[2m | [22m[1mNames[22m              [2m | [22m [1mRaw size[22m
[32mmain.js[39m            [2m | [22m[2mmain[22m               [2m | [22m [36m71.41 kB[39m[2m | [22m

[1mLazy chunk files[22m   [2m | [22m[1mNames[22m              [2m | [22m [1mRaw size[22m
[32mchunk-7GJJY4OP.js[39m  [2m | [22m[2mdashboard-component[22m[2m | [22m[36m173.72 kB[39m[2m | [22m
[32mchunk-L4JDBM6D.js[39m  [2m | [22m[2mdashboard-routes[22m   [2m | [22m[36m294 bytes[39m[2m | [22m

Application bundle generation complete. [2.822 seconds]

Page reload sent to client(s).
[33m>[39m Changes detected. Rebuilding...
[32m√[39m Changes detected. Rebuilding...
[1mInitial chunk files[22m[2m | [22m[1mNames[22m              [2m | [22m [1mRaw size[22m
[32mmain.js[39m            [2m | [22m[2mmain[22m               [2m | [22m [36m71.41 kB[39m[2m | [22m

[1mLazy chunk files[22m   [2m | [22m[1mNames[22m              [2m | [22m [1mRaw size[22m
[32mchunk-NOOLSINE.js[39m  [2m | [22m[2mdashboard-component[22m[2m | [22m[36m173.70 kB[39m[2m | [22m
[32mchunk-NHF77FDZ.js[39m  [2m | [22m[2mdashboard-routes[22m   [2m | [22m[36m294 bytes[39m[2m | [22m

Application bundle generation complete. [3.132 seconds]

Page reload sent to client(s).
[33m>[39m Changes detected. Rebuilding...
[32m√[39m Changes detected. Rebuilding...
[1mInitial chunk files[22m[2m | [22m[1mNames[22m              [2m | [22m [1mRaw size[22m
[32mmain.js[39m            [2m | [22m[2mmain[22m               [2m | [22m [36m71.41 kB[39m[2m | [22m

[1mLazy chunk files[22m   [2m | [22m[1mNames[22m              [2m | [22m [1mRaw size[22m
[32mchunk-4PKPK3OJ.js[39m  [2m | [22m[2mdashboard-component[22m[2m | [22m[36m173.81 kB[39m[2m | [22m
[32mchunk-7NCZ6QCP.js[39m  [2m | [22m[2mdashboard-routes[22m   [2m | [22m[36m294 bytes[39m[2m | [22m

Application bundle generation complete. [2.487 seconds]

Page reload sent to client(s).
[33m>[39m Changes detected. Rebuilding...
[32m√[39m Changes detected. Rebuilding...
[1mInitial chunk files[22m[2m | [22m[1mNames[22m              [2m | [22m [1mRaw size[22m
[32mmain.js[39m            [2m | [22m[2mmain[22m               [2m | [22m [36m71.41 kB[39m[2m | [22m

[1mLazy chunk files[22m   [2m | [22m[1mNames[22m              [2m | [22m [1mRaw size[22m
[32mchunk-IEVZPDU6.js[39m  [2m | [22m[2mdashboard-component[22m[2m | [22m[36m176.69 kB[39m[2m | [22m
[32mchunk-6CCX3QYZ.js[39m  [2m | [22m[2mdashboard-routes[22m   [2m | [22m[36m294 bytes[39m[2m | [22m

Application bundle generation complete. [2.790 seconds]

Page reload sent to client(s).
[33m>[39m Changes detected. Rebuilding...
[32m√[39m Changes detected. Rebuilding...
[1mInitial chunk files[22m[2m | [22m[1mNames[22m              [2m | [22m [1mRaw size[22m
[32mmain.js[39m            [2m | [22m[2mmain[22m               [2m | [22m [36m71.41 kB[39m[2m | [22m

[1mLazy chunk files[22m   [2m | [22m[1mNames[22m              [2m | [22m [1mRaw size[22m
[32mchunk-LGW7Z5WB.js[39m  [2m | [22m[2mdashboard-component[22m[2m | [22m[36m177.41 kB[39m[2m | [22m
[32mchunk-N5LLQ6OW.js[39m  [2m | [22m[2mdashboard-routes[22m   [2m | [22m[36m294 bytes[39m[2m | [22m

Application bundle generation complete. [3.334 seconds]

Page reload sent to client(s).
[33m>[39m Changes detected. Rebuilding...
[32m√[39m Changes detected. Rebuilding...
[1mInitial chunk files[22m[2m | [22m[1mNames[22m              [2m | [22m [1mRaw size[22m
[32mmain.js[39m            [2m | [22m[2mmain[22m               [2m | [22m [36m71.41 kB[39m[2m | [22m

[1mLazy chunk files[22m   [2m | [22m[1mNames[22m              [2m | [22m [1mRaw size[22m
[32mchunk-RBPLLTBH.js[39m  [2m | [22m[2mdashboard-component[22m[2m | [22m[36m191.68 kB[39m[2m | [22m
[32mchunk-NVGWWOTG.js[39m  [2m | [22m[2mdashboard-routes[22m   [2m | [22m[36m294 bytes[39m[2m | [22m

Application bundle generation complete. [3.946 seconds]

Page reload sent to client(s).
[33m>[39m Changes detected. Rebuilding...
[32m√[39m Changes detected. Rebuilding...
[1mInitial chunk files[22m[2m | [22m[1mNames[22m              [2m | [22m [1mRaw size[22m
[32mmain.js[39m            [2m | [22m[2mmain[22m               [2m | [22m [36m71.41 kB[39m[2m | [22m

[1mLazy chunk files[22m   [2m | [22m[1mNames[22m              [2m | [22m [1mRaw size[22m
[32mchunk-P6WXDCFB.js[39m  [2m | [22m[2mdashboard-component[22m[2m | [22m[36m191.79 kB[39m[2m | [22m
[32mchunk-LBFCDQTA.js[39m  [2m | [22m[2mdashboard-routes[22m   [2m | [22m[36m294 bytes[39m[2m | [22m

Application bundle generation complete. [3.194 seconds]

Page reload sent to client(s).
[33m>[39m Changes detected. Rebuilding...
[32m√[39m Changes detected. Rebuilding...
[1mInitial chunk files[22m[2m | [22m[1mNames[22m                              [2m | [22m [1mRaw size[22m
[32mstyles.css[39m         [2m | [22m[2mstyles[22m                             [2m | [22m[36m288.46 kB[39m[2m | [22m
[32mmain.js[39m            [2m | [22m[2mmain[22m                               [2m | [22m [36m71.41 kB[39m[2m | [22m

[1mLazy chunk files[22m   [2m | [22m[1mNames[22m                              [2m | [22m [1mRaw size[22m
[32mchunk-53IZ5474.js[39m  [2m | [22m[2morders-routes[22m                      [2m | [22m[36m340.77 kB[39m[2m | [22m
[32mchunk-4LMHQZ7Z.js[39m  [2m | [22m[2mdisputes-dashboard-component[22m       [2m | [22m[36m326.53 kB[39m[2m | [22m
[32mchunk-BOXLOB45.js[39m  [2m | [22m[2mdashboard-component[22m                [2m | [22m[36m191.79 kB[39m[2m | [22m
[32mchunk-EBKDRNMB.js[39m  [2m | [22m[2mvendor-detail-component[22m            [2m | [22m[36m179.46 kB[39m[2m | [22m
[32mchunk-2JSP3B5Y.js[39m  [2m | [22m[2mvendor-finance-component[22m           [2m | [22m[36m177.75 kB[39m[2m | [22m
[32mchunk-6MPAUGBK.js[39m  [2m | [22m[2memail-center-component[22m             [2m | [22m[36m125.67 kB[39m[2m | [22m
[32mchunk-TNZ6RQH6.js[39m  [2m | [22m[2madmin-user-detail-component[22m        [2m | [22m [36m88.29 kB[39m[2m | [22m
[32mchunk-QNSR6CXM.js[39m  [2m | [22m[2mbulk-master-products-page-component[22m[2m | [22m [36m78.22 kB[39m[2m | [22m
[32mchunk-33H3PU7J.js[39m  [2m | [22m[2mbrand-list-component[22m               [2m | [22m [36m69.80 kB[39m[2m | [22m
[32mchunk-Q3XTRONI.js[39m  [2m | [22m[2mmarketing-coupons-component[22m        [2m | [22m [36m66.28 kB[39m[2m | [22m
[32mchunk-ZKHG35VS.js[39m  [2m | [22m[2mvendors-routes[22m                     [2m | [22m [36m50.72 kB[39m[2m | [22m
[32mchunk-GJFX53HY.js[39m  [2m | [22m[2mmaster-product-form-component[22m      [2m | [22m [36m47.30 kB[39m[2m | [22m
[32mchunk-LRHDJTLF.js[39m  [2m | [22m[2mvendor-orders-component[22m            [2m | [22m [36m39.27 kB[39m[2m | [22m
[32mchunk-TA6DTF7J.js[39m  [2m | [22m[2mvendor-disputes-component[22m          [2m | [22m [36m37.82 kB[39m[2m | [22m
[32mchunk-7FAYO5WZ.js[39m  [2m | [22m[2mcustomers-list-component[22m           [2m | [22m [36m37.74 kB[39m[2m | [22m
[2m...and 9 more lazy chunks files. Use "--verbose" to show all the files.[22m

Application bundle generation complete. [6.745 seconds]

Page reload sent to client(s).
[33m>[39m Changes detected. Rebuilding...
[32m√[39m Changes detected. Rebuilding...
[1mInitial chunk files[22m[2m | [22m[1mNames[22m              [2m | [22m [1mRaw size[22m
[32mstyles.css[39m         [2m | [22m[2mstyles[22m             [2m | [22m[36m288.59 kB[39m[2m | [22m
[32mmain.js[39m            [2m | [22m[2mmain[22m               [2m | [22m [36m71.41 kB[39m[2m | [22m

[1mLazy chunk files[22m   [2m | [22m[1mNames[22m              [2m | [22m [1mRaw size[22m
[32mchunk-ZCW3P6TT.js[39m  [2m | [22m[2mdashboard-component[22m[2m | [22m[36m191.95 kB[39m[2m | [22m
[32mchunk-XM7JCBTS.js[39m  [2m | [22m[2mdashboard-routes[22m   [2m | [22m[36m294 bytes[39m[2m | [22m

Application bundle generation complete. [4.480 seconds]

Page reload sent to client(s).
[33m>[39m Changes detected. Rebuilding...
[32m√[39m Changes detected. Rebuilding...
[1mInitial chunk files[22m[2m | [22m[1mNames[22m [2m | [22m [1mRaw size[22m
[32mstyles.css[39m         [2m | [22m[2mstyles[22m[2m | [22m[36m289.04 kB[39m[2m | [22m

Application bundle generation complete. [3.639 seconds]

HMR update sent to client(s).
[33m>[39m Changes detected. Rebuilding...
[32m√[39m Changes detected. Rebuilding...
[1mInitial chunk files[22m[2m | [22m[1mNames[22m              [2m | [22m [1mRaw size[22m
[32mmain.js[39m            [2m | [22m[2mmain[22m               [2m | [22m [36m71.41 kB[39m[2m | [22m

[1mLazy chunk files[22m   [2m | [22m[1mNames[22m              [2m | [22m [1mRaw size[22m
[32mchunk-DISG3WNO.js[39m  [2m | [22m[2mdashboard-component[22m[2m | [22m[36m191.97 kB[39m[2m | [22m
[32mchunk-2VBNFGB5.js[39m  [2m | [22m[2mdashboard-routes[22m   [2m | [22m[36m294 bytes[39m[2m | [22m

Application bundle generation complete. [3.164 seconds]

Page reload sent to client(s).
[33m>[39m Changes detected. Rebuilding...
[32m√[39m Changes detected. Rebuilding...
[1mInitial chunk files[22m[2m | [22m[1mNames[22m                              [2m | [22m [1mRaw size[22m
[32mmain.js[39m            [2m | [22m[2mmain[22m                               [2m | [22m [36m71.41 kB[39m[2m | [22m

[1mLazy chunk files[22m   [2m | [22m[1mNames[22m                              [2m | [22m [1mRaw size[22m
[32mchunk-5WX72BIS.js[39m  [2m | [22m[2morders-routes[22m                      [2m | [22m[36m340.77 kB[39m[2m | [22m
[32mchunk-I5CY5D5E.js[39m  [2m | [22m[2mdisputes-dashboard-component[22m       [2m | [22m[36m326.53 kB[39m[2m | [22m
[32mchunk-ULNI3MV4.js[39m  [2m | [22m[2mdashboard-component[22m                [2m | [22m[36m191.97 kB[39m[2m | [22m
[32mchunk-WVQ5NIGY.js[39m  [2m | [22m[2mvendor-detail-component[22m            [2m | [22m[36m179.46 kB[39m[2m | [22m
[32mchunk-RPIC5JOZ.js[39m  [2m | [22m[2mvendor-finance-component[22m           [2m | [22m[36m177.75 kB[39m[2m | [22m
[32mchunk-EI2NIALB.js[39m  [2m | [22m[2memail-center-component[22m             [2m | [22m[36m125.67 kB[39m[2m | [22m
[32mchunk-6MAJJ324.js[39m  [2m | [22m[2madmin-user-detail-component[22m        [2m | [22m [36m88.29 kB[39m[2m | [22m
[32mchunk-453IIERG.js[39m  [2m | [22m[2mbulk-master-products-page-component[22m[2m | [22m [36m78.22 kB[39m[2m | [22m
[32mchunk-DEJFHQT5.js[39m  [2m | [22m[2mbrand-list-component[22m               [2m | [22m [36m69.80 kB[39m[2m | [22m
[32mchunk-2C4YIVJV.js[39m  [2m | [22m[2mmarketing-coupons-component[22m        [2m | [22m [36m66.28 kB[39m[2m | [22m
[32mchunk-SGDXXLFQ.js[39m  [2m | [22m[2mvendors-routes[22m                     [2m | [22m [36m50.72 kB[39m[2m | [22m
[32mchunk-SM5KCZGR.js[39m  [2m | [22m[2mmaster-product-form-component[22m      [2m | [22m [36m47.30 kB[39m[2m | [22m
[32mchunk-DOFGV5AW.js[39m  [2m | [22m[2mvendor-orders-component[22m            [2m | [22m [36m39.27 kB[39m[2m | [22m
[32mchunk-GKA22NCF.js[39m  [2m | [22m[2mvendor-disputes-component[22m          [2m | [22m [36m37.82 kB[39m[2m | [22m
[32mchunk-Y5BYPJHY.js[39m  [2m | [22m[2mcustomers-list-component[22m           [2m | [22m [36m37.74 kB[39m[2m | [22m
[2m...and 9 more lazy chunks files. Use "--verbose" to show all the files.[22m

Application bundle generation complete. [10.624 seconds]

Page reload sent to client(s).
[33m>[39m Changes detected. Rebuilding...
[32m√[39m Changes detected. Rebuilding...
[1mInitial chunk files[22m[2m | [22m[1mNames[22m              [2m | [22m [1mRaw size[22m
[32mmain.js[39m            [2m | [22m[2mmain[22m               [2m | [22m [36m71.41 kB[39m[2m | [22m

[1mLazy chunk files[22m   [2m | [22m[1mNames[22m              [2m | [22m [1mRaw size[22m
[32mchunk-HY6BRWNT.js[39m  [2m | [22m[2mdashboard-component[22m[2m | [22m[36m191.75 kB[39m[2m | [22m
[32mchunk-H53IUDB4.js[39m  [2m | [22m[2mdashboard-routes[22m   [2m | [22m[36m294 bytes[39m[2m | [22m

Application bundle generation complete. [3.811 seconds]

Page reload sent to client(s).
[33m>[39m Changes detected. Rebuilding...
[32m√[39m Changes detected. Rebuilding...
[1mInitial chunk files[22m[2m | [22m[1mNames[22m [2m | [22m [1mRaw size[22m
[32mstyles.css[39m         [2m | [22m[2mstyles[22m[2m | [22m[36m294.18 kB[39m[2m | [22m

Application bundle generation complete. [5.008 seconds]

HMR update sent to client(s).
[33m>[39m Changes detected. Rebuilding...
[32m√[39m Changes detected. Rebuilding...
Application bundle generation failed. [4.759 seconds]

[33m>[39m Changes detected. Rebuilding...
[32m√[39m Changes detected. Rebuilding...
[1mInitial chunk files[22m[2m | [22m[1mNames[22m                              [2m | [22m [1mRaw size[22m
[32mstyles.css[39m         [2m | [22m[2mstyles[22m                             [2m | [22m[36m296.19 kB[39m[2m | [22m
[32mpolyfills.js[39m       [2m | [22m[2mpolyfills[22m                          [2m | [22m [36m90.20 kB[39m[2m | [22m
[32mmain.js[39m            [2m | [22m[2mmain[22m                               [2m | [22m [36m71.41 kB[39m[2m | [22m
[32mchunk-RHZBUB7Q.js[39m  [2m | [22m[2m-[22m                                  [2m | [22m  [36m7.42 kB[39m[2m | [22m
[32mchunk-LTV7NNQO.js[39m  [2m | [22m[2m-[22m                                  [2m | [22m  [36m5.29 kB[39m[2m | [22m
[32mchunk-WDMUDEB6.js[39m  [2m | [22m[2m-[22m                                  [2m | [22m  [36m1.93 kB[39m[2m | [22m
[32mchunk-ZWUJSGC3.js[39m  [2m | [22m[2m-[22m                                  [2m | [22m  [36m1.91 kB[39m[2m | [22m
[32mchunk-FMKMVIXV.js[39m  [2m | [22m[2m-[22m                                  [2m | [22m  [36m1.87 kB[39m[2m | [22m
[32mchunk-AZICPPH2.js[39m  [2m | [22m[2m-[22m                                  [2m | [22m  [36m1.59 kB[39m[2m | [22m
[32mchunk-MYUS6GBI.js[39m  [2m | [22m[2m-[22m                                  [2m | [22m[36m219 bytes[39m[2m | [22m

[1m [22m                  [2m | [22m[1mInitial total[22m                      [2m | [22m[1m478.03 kB[22m

[1mLazy chunk files[22m   [2m | [22m[1mNames[22m                              [2m | [22m [1mRaw size[22m
[32mchunk-5WX72BIS.js[39m  [2m | [22m[2morders-routes[22m                      [2m | [22m[36m340.77 kB[39m[2m | [22m
[32mchunk-S5AD45PW.js[39m  [2m | [22m[2mdriver-detail-component[22m            [2m | [22m[36m331.65 kB[39m[2m | [22m
[32mchunk-I5CY5D5E.js[39m  [2m | [22m[2mdisputes-dashboard-component[22m       [2m | [22m[36m326.53 kB[39m[2m | [22m
[32mchunk-HY6BRWNT.js[39m  [2m | [22m[2mdashboard-component[22m                [2m | [22m[36m191.75 kB[39m[2m | [22m
[32mchunk-WVQ5NIGY.js[39m  [2m | [22m[2mvendor-detail-component[22m            [2m | [22m[36m179.46 kB[39m[2m | [22m
[32mchunk-RPIC5JOZ.js[39m  [2m | [22m[2mvendor-finance-component[22m           [2m | [22m[36m177.75 kB[39m[2m | [22m
[32mchunk-EI2NIALB.js[39m  [2m | [22m[2memail-center-component[22m             [2m | [22m[36m125.67 kB[39m[2m | [22m
[32mchunk-WA4VHB2A.js[39m  [2m | [22m[2mvendors-list-component[22m             [2m | [22m[36m106.85 kB[39m[2m | [22m
[32mchunk-RU2BPSLB.js[39m  [2m | [22m[2mvendor-compliance-component[22m        [2m | [22m[36m106.83 kB[39m[2m | [22m
[32mchunk-DISHET24.js[39m  [2m | [22m[2mcustomer-detail-component[22m          [2m | [22m [36m92.40 kB[39m[2m | [22m
[32mchunk-6MAJJ324.js[39m  [2m | [22m[2madmin-user-detail-component[22m        [2m | [22m [36m88.29 kB[39m[2m | [22m
[32mchunk-4JY2JRZY.js[39m  [2m | [22m[2m-[22m                                  [2m | [22m [36m83.22 kB[39m[2m | [22m
[32mchunk-453IIERG.js[39m  [2m | [22m[2mbulk-master-products-page-component[22m[2m | [22m [36m78.22 kB[39m[2m | [22m
[32mchunk-7LHIFCNZ.js[39m  [2m | [22m[2m-[22m                                  [2m | [22m [36m71.97 kB[39m[2m | [22m
[32mchunk-XEKLAQMM.js[39m  [2m | [22m[2mvendor-overview-component[22m          [2m | [22m [36m71.59 kB[39m[2m | [22m
[2m...and 88 more lazy chunks files. Use "--verbose" to show all the files.[22m

Application bundle generation complete. [6.479 seconds]

Page reload sent to client(s).
[33m>[39m Changes detected. Rebuilding...
[32m√[39m Changes detected. Rebuilding...
[1mInitial chunk files[22m[2m | [22m[1mNames[22m                     [2m | [22m[1mRaw size[22m
[32mmain.js[39m            [2m | [22m[2mmain[22m                      [2m | [22m[36m71.41 kB[39m[2m | [22m

[1mLazy chunk files[22m   [2m | [22m[1mNames[22m                     [2m | [22m[1mRaw size[22m
[32mchunk-XI73WUAA.js[39m  [2m | [22m[2mcategory-details-component[22m[2m | [22m[36m69.61 kB[39m[2m | [22m
[32mchunk-UGMIZ55E.js[39m  [2m | [22m[2mcatalog-routes[22m            [2m | [22m [36m2.04 kB[39m[2m | [22m

Application bundle generation complete. [8.639 seconds]

Page reload sent to client(s).
[33m>[39m Changes detected. Rebuilding...
[32m√[39m Changes detected. Rebuilding...
[1mInitial chunk files[22m[2m | [22m[1mNames[22m                     [2m | [22m[1mRaw size[22m
[32mmain.js[39m            [2m | [22m[2mmain[22m                      [2m | [22m[36m71.41 kB[39m[2m | [22m

[1mLazy chunk files[22m   [2m | [22m[1mNames[22m                     [2m | [22m[1mRaw size[22m
[32mchunk-GKZVKOOH.js[39m  [2m | [22m[2mcategory-details-component[22m[2m | [22m[36m68.84 kB[39m[2m | [22m
[32mchunk-IDCPJTIS.js[39m  [2m | [22m[2mcatalog-routes[22m            [2m | [22m [36m2.04 kB[39m[2m | [22m

Application bundle generation complete. [4.682 seconds]

Page reload sent to client(s).
[33m>[39m Changes detected. Rebuilding...
[32m√[39m Changes detected. Rebuilding...
Application bundle generation failed. [2.963 seconds]

[33m>[39m Changes detected. Rebuilding...
[32m√[39m Changes detected. Rebuilding...
[1mInitial chunk files[22m[2m | [22m[1mNames[22m                              [2m | [22m [1mRaw size[22m
[32mstyles.css[39m         [2m | [22m[2mstyles[22m                             [2m | [22m[36m297.15 kB[39m[2m | [22m
[32mpolyfills.js[39m       [2m | [22m[2mpolyfills[22m                          [2m | [22m [36m90.20 kB[39m[2m | [22m
[32mmain.js[39m            [2m | [22m[2mmain[22m                               [2m | [22m [36m71.41 kB[39m[2m | [22m
[32mchunk-RHZBUB7Q.js[39m  [2m | [22m[2m-[22m                                  [2m | [22m  [36m7.42 kB[39m[2m | [22m
[32mchunk-LTV7NNQO.js[39m  [2m | [22m[2m-[22m                                  [2m | [22m  [36m5.29 kB[39m[2m | [22m
[32mchunk-WDMUDEB6.js[39m  [2m | [22m[2m-[22m                                  [2m | [22m  [36m1.93 kB[39m[2m | [22m
[32mchunk-ZWUJSGC3.js[39m  [2m | [22m[2m-[22m                                  [2m | [22m  [36m1.91 kB[39m[2m | [22m
[32mchunk-FMKMVIXV.js[39m  [2m | [22m[2m-[22m                                  [2m | [22m  [36m1.87 kB[39m[2m | [22m
[32mchunk-AZICPPH2.js[39m  [2m | [22m[2m-[22m                                  [2m | [22m  [36m1.59 kB[39m[2m | [22m
[32mchunk-MYUS6GBI.js[39m  [2m | [22m[2m-[22m                                  [2m | [22m[36m219 bytes[39m[2m | [22m

[1m [22m                  [2m | [22m[1mInitial total[22m                      [2m | [22m[1m478.99 kB[22m

[1mLazy chunk files[22m   [2m | [22m[1mNames[22m                              [2m | [22m [1mRaw size[22m
[32mchunk-5WX72BIS.js[39m  [2m | [22m[2morders-routes[22m                      [2m | [22m[36m340.77 kB[39m[2m | [22m
[32mchunk-S5AD45PW.js[39m  [2m | [22m[2mdriver-detail-component[22m            [2m | [22m[36m331.65 kB[39m[2m | [22m
[32mchunk-I5CY5D5E.js[39m  [2m | [22m[2mdisputes-dashboard-component[22m       [2m | [22m[36m326.53 kB[39m[2m | [22m
[32mchunk-HY6BRWNT.js[39m  [2m | [22m[2mdashboard-component[22m                [2m | [22m[36m191.75 kB[39m[2m | [22m
[32mchunk-WVQ5NIGY.js[39m  [2m | [22m[2mvendor-detail-component[22m            [2m | [22m[36m179.46 kB[39m[2m | [22m
[32mchunk-RPIC5JOZ.js[39m  [2m | [22m[2mvendor-finance-component[22m           [2m | [22m[36m177.75 kB[39m[2m | [22m
[32mchunk-EI2NIALB.js[39m  [2m | [22m[2memail-center-component[22m             [2m | [22m[36m125.67 kB[39m[2m | [22m
[32mchunk-WA4VHB2A.js[39m  [2m | [22m[2mvendors-list-component[22m             [2m | [22m[36m106.85 kB[39m[2m | [22m
[32mchunk-RU2BPSLB.js[39m  [2m | [22m[2mvendor-compliance-component[22m        [2m | [22m[36m106.83 kB[39m[2m | [22m
[32mchunk-DISHET24.js[39m  [2m | [22m[2mcustomer-detail-component[22m          [2m | [22m [36m92.40 kB[39m[2m | [22m
[32mchunk-6MAJJ324.js[39m  [2m | [22m[2madmin-user-detail-component[22m        [2m | [22m [36m88.29 kB[39m[2m | [22m
[32mchunk-4JY2JRZY.js[39m  [2m | [22m[2m-[22m                                  [2m | [22m [36m83.22 kB[39m[2m | [22m
[32mchunk-453IIERG.js[39m  [2m | [22m[2mbulk-master-products-page-component[22m[2m | [22m [36m78.22 kB[39m[2m | [22m
[32mchunk-7LHIFCNZ.js[39m  [2m | [22m[2m-[22m                                  [2m | [22m [36m71.97 kB[39m[2m | [22m
[32mchunk-XEKLAQMM.js[39m  [2m | [22m[2mvendor-overview-component[22m          [2m | [22m [36m71.59 kB[39m[2m | [22m
[2m...and 88 more lazy chunks files. Use "--verbose" to show all the files.[22m

Application bundle generation complete. [6.035 seconds]

Page reload sent to client(s).
[33m>[39m Changes detected. Rebuilding...
[32m√[39m Changes detected. Rebuilding...
[1mInitial chunk files[22m[2m | [22m[1mNames[22m                       [2m | [22m[1mRaw size[22m
[32mmain.js[39m            [2m | [22m[2mmain[22m                        [2m | [22m[36m71.41 kB[39m[2m | [22m

[1mLazy chunk files[22m   [2m | [22m[1mNames[22m                       [2m | [22m[1mRaw size[22m
[32mchunk-5HHODUBV.js[39m  [2m | [22m[2mcategories-manager-component[22m[2m | [22m[36m54.56 kB[39m[2m | [22m
[32mchunk-TQXQRIJG.js[39m  [2m | [22m[2mcatalog-routes[22m              [2m | [22m [36m2.04 kB[39m[2m | [22m

Application bundle generation complete. [4.633 seconds]

Page reload sent to client(s).
[33m>[39m Changes detected. Rebuilding...
[32m√[39m Changes detected. Rebuilding...
[1mInitial chunk files[22m[2m | [22m[1mNames[22m                       [2m | [22m [1mRaw size[22m
[32mstyles.css[39m         [2m | [22m[2mstyles[22m                      [2m | [22m[36m298.16 kB[39m[2m | [22m
[32mmain.js[39m            [2m | [22m[2mmain[22m                        [2m | [22m [36m71.41 kB[39m[2m | [22m

[1mLazy chunk files[22m   [2m | [22m[1mNames[22m                       [2m | [22m [1mRaw size[22m
[32mchunk-LBBOPSUE.js[39m  [2m | [22m[2mcategory-details-component[22m  [2m | [22m [36m68.84 kB[39m[2m | [22m
[32mchunk-57HLOLMQ.js[39m  [2m | [22m[2mcategories-manager-component[22m[2m | [22m [36m54.56 kB[39m[2m | [22m
[32mchunk-IEETZDJ6.js[39m  [2m | [22m[2m-[22m                           [2m | [22m [36m25.60 kB[39m[2m | [22m
[32mchunk-GI7G27OG.js[39m  [2m | [22m[2mcatalog-routes[22m              [2m | [22m  [36m2.04 kB[39m[2m | [22m

Application bundle generation complete. [5.728 seconds]

Page reload sent to client(s).
[33m>[39m Changes detected. Rebuilding...
[32m√[39m Changes detected. Rebuilding...
[1mInitial chunk files[22m[2m | [22m[1mNames[22m                       [2m | [22m[1mRaw size[22m
[32mmain.js[39m            [2m | [22m[2mmain[22m                        [2m | [22m[36m71.41 kB[39m[2m | [22m

[1mLazy chunk files[22m   [2m | [22m[1mNames[22m                       [2m | [22m[1mRaw size[22m
[32mchunk-XIHNCOEB.js[39m  [2m | [22m[2mcategory-details-component[22m  [2m | [22m[36m68.81 kB[39m[2m | [22m
[32mchunk-IZU5UP4E.js[39m  [2m | [22m[2mcategories-manager-component[22m[2m | [22m[36m54.53 kB[39m[2m | [22m
[32mchunk-VKVDP6IP.js[39m  [2m | [22m[2m-[22m                           [2m | [22m[36m25.60 kB[39m[2m | [22m
[32mchunk-XMZE7ZTZ.js[39m  [2m | [22m[2mcatalog-routes[22m              [2m | [22m [36m2.04 kB[39m[2m | [22m

Application bundle generation complete. [6.671 seconds]

Page reload sent to client(s).
[33m>[39m Changes detected. Rebuilding...
[32m√[39m Changes detected. Rebuilding...
[1mInitial chunk files[22m[2m | [22m[1mNames[22m                     [2m | [22m[1mRaw size[22m
[32mmain.js[39m            [2m | [22m[2mmain[22m                      [2m | [22m[36m71.41 kB[39m[2m | [22m

[1mLazy chunk files[22m   [2m | [22m[1mNames[22m                     [2m | [22m[1mRaw size[22m
[32mchunk-NTK5TJTK.js[39m  [2m | [22m[2mcategory-details-component[22m[2m | [22m[36m68.81 kB[39m[2m | [22m
[32mchunk-O4ZWA7JY.js[39m  [2m | [22m[2mcatalog-routes[22m            [2m | [22m [36m2.04 kB[39m[2m | [22m

Application bundle generation complete. [5.212 seconds]

Page reload sent to client(s).
[33m>[39m Changes detected. Rebuilding...
[32m√[39m Changes detected. Rebuilding...
[1mInitial chunk files[22m[2m | [22m[1mNames[22m                       [2m | [22m[1mRaw size[22m
[32mmain.js[39m            [2m | [22m[2mmain[22m                        [2m | [22m[36m71.41 kB[39m[2m | [22m

[1mLazy chunk files[22m   [2m | [22m[1mNames[22m                       [2m | [22m[1mRaw size[22m
[32mchunk-M6UTLFP2.js[39m  [2m | [22m[2mcategories-manager-component[22m[2m | [22m[36m54.53 kB[39m[2m | [22m
[32mchunk-QIUL745O.js[39m  [2m | [22m[2mcatalog-routes[22m              [2m | [22m [36m2.04 kB[39m[2m | [22m

Application bundle generation complete. [6.885 seconds]

Page reload sent to client(s).
[33m>[39m Changes detected. Rebuilding...
[32m√[39m Changes detected. Rebuilding...
[1mInitial chunk files[22m[2m | [22m[1mNames[22m                     [2m | [22m [1mRaw size[22m
[32mstyles.css[39m         [2m | [22m[2mstyles[22m                    [2m | [22m[36m298.89 kB[39m[2m | [22m
[32mmain.js[39m            [2m | [22m[2mmain[22m                      [2m | [22m [36m71.41 kB[39m[2m | [22m

[1mLazy chunk files[22m   [2m | [22m[1mNames[22m                     [2m | [22m [1mRaw size[22m
[32mchunk-UZQECUAZ.js[39m  [2m | [22m[2mcategory-details-component[22m[2m | [22m [36m68.76 kB[39m[2m | [22m
[32mchunk-CI2JAXXA.js[39m  [2m | [22m[2mcatalog-routes[22m            [2m | [22m  [36m2.04 kB[39m[2m | [22m

Application bundle generation complete. [4.683 seconds]

Page reload sent to client(s).
[33m>[39m Changes detected. Rebuilding...
[32m√[39m Changes detected. Rebuilding...
[1mInitial chunk files[22m[2m | [22m[1mNames[22m                     [2m | [22m[1mRaw size[22m
[32mmain.js[39m            [2m | [22m[2mmain[22m                      [2m | [22m[36m71.41 kB[39m[2m | [22m

[1mLazy chunk files[22m   [2m | [22m[1mNames[22m                     [2m | [22m[1mRaw size[22m
[32mchunk-KJSD62D2.js[39m  [2m | [22m[2mcategory-details-component[22m[2m | [22m[36m68.79 kB[39m[2m | [22m
[32mchunk-V4LU2BWA.js[39m  [2m | [22m[2mcatalog-routes[22m            [2m | [22m [36m2.04 kB[39m[2m | [22m

Application bundle generation complete. [5.062 seconds]

Page reload sent to client(s).
[33m>[39m Changes detected. Rebuilding...
[32m√[39m Changes detected. Rebuilding...
[1mInitial chunk files[22m[2m | [22m[1mNames[22m                     [2m | [22m [1mRaw size[22m
[32mstyles.css[39m         [2m | [22m[2mstyles[22m                    [2m | [22m[36m299.01 kB[39m[2m | [22m
[32mmain.js[39m            [2m | [22m[2mmain[22m                      [2m | [22m [36m71.41 kB[39m[2m | [22m

[1mLazy chunk files[22m   [2m | [22m[1mNames[22m                     [2m | [22m [1mRaw size[22m
[32mchunk-WC2ITINR.js[39m  [2m | [22m[2mcategory-details-component[22m[2m | [22m [36m69.04 kB[39m[2m | [22m
[32mchunk-EOJ4MW35.js[39m  [2m | [22m[2mcatalog-routes[22m            [2m | [22m  [36m2.04 kB[39m[2m | [22m

Application bundle generation complete. [9.267 seconds]

Page reload sent to client(s).
[33m>[39m Changes detected. Rebuilding...
[32m√[39m Changes detected. Rebuilding...
[1mInitial chunk files[22m[2m | [22m[1mNames[22m                     [2m | [22m[1mRaw size[22m
[32mmain.js[39m            [2m | [22m[2mmain[22m                      [2m | [22m[36m71.41 kB[39m[2m | [22m

[1mLazy chunk files[22m   [2m | [22m[1mNames[22m                     [2m | [22m[1mRaw size[22m
[32mchunk-3LDUHNKB.js[39m  [2m | [22m[2mcategory-details-component[22m[2m | [22m[36m69.04 kB[39m[2m | [22m
[32mchunk-ILJALBPF.js[39m  [2m | [22m[2mcatalog-routes[22m            [2m | [22m [36m2.04 kB[39m[2m | [22m

Application bundle generation complete. [5.778 seconds]

Page reload sent to client(s).
[33m>[39m Changes detected. Rebuilding...
[32m√[39m Changes detected. Rebuilding...
[1mInitial chunk files[22m[2m | [22m[1mNames[22m                     [2m | [22m[1mRaw size[22m
[32mmain.js[39m            [2m | [22m[2mmain[22m                      [2m | [22m[36m71.41 kB[39m[2m | [22m

[1mLazy chunk files[22m   [2m | [22m[1mNames[22m                     [2m | [22m[1mRaw size[22m
[32mchunk-2ODTAGXU.js[39m  [2m | [22m[2mcategory-details-component[22m[2m | [22m[36m69.14 kB[39m[2m | [22m
[32mchunk-2VOL7UNT.js[39m  [2m | [22m[2mcatalog-routes[22m            [2m | [22m [36m2.04 kB[39m[2m | [22m

Application bundle generation complete. [3.923 seconds]

Page reload sent to client(s).
[33m>[39m Changes detected. Rebuilding...
[32m√[39m Changes detected. Rebuilding...
Application bundle generation failed. [4.314 seconds]

[33m>[39m Changes detected. Rebuilding...
[32m√[39m Changes detected. Rebuilding...
[1mInitial chunk files[22m[2m | [22m[1mNames[22m                              [2m | [22m [1mRaw size[22m
[32mstyles.css[39m         [2m | [22m[2mstyles[22m                             [2m | [22m[36m299.01 kB[39m[2m | [22m
[32mpolyfills.js[39m       [2m | [22m[2mpolyfills[22m                          [2m | [22m [36m90.20 kB[39m[2m | [22m
[32mmain.js[39m            [2m | [22m[2mmain[22m                               [2m | [22m [36m71.41 kB[39m[2m | [22m
[32mchunk-RHZBUB7Q.js[39m  [2m | [22m[2m-[22m                                  [2m | [22m  [36m7.42 kB[39m[2m | [22m
[32mchunk-LTV7NNQO.js[39m  [2m | [22m[2m-[22m                                  [2m | [22m  [36m5.29 kB[39m[2m | [22m
[32mchunk-WDMUDEB6.js[39m  [2m | [22m[2m-[22m                                  [2m | [22m  [36m1.93 kB[39m[2m | [22m
[32mchunk-ZWUJSGC3.js[39m  [2m | [22m[2m-[22m                                  [2m | [22m  [36m1.91 kB[39m[2m | [22m
[32mchunk-FMKMVIXV.js[39m  [2m | [22m[2m-[22m                                  [2m | [22m  [36m1.87 kB[39m[2m | [22m
[32mchunk-AZICPPH2.js[39m  [2m | [22m[2m-[22m                                  [2m | [22m  [36m1.59 kB[39m[2m | [22m
[32mchunk-MYUS6GBI.js[39m  [2m | [22m[2m-[22m                                  [2m | [22m[36m219 bytes[39m[2m | [22m

[1m [22m                  [2m | [22m[1mInitial total[22m                      [2m | [22m[1m480.85 kB[22m

[1mLazy chunk files[22m   [2m | [22m[1mNames[22m                              [2m | [22m [1mRaw size[22m
[32mchunk-5WX72BIS.js[39m  [2m | [22m[2morders-routes[22m                      [2m | [22m[36m340.77 kB[39m[2m | [22m
[32mchunk-S5AD45PW.js[39m  [2m | [22m[2mdriver-detail-component[22m            [2m | [22m[36m331.65 kB[39m[2m | [22m
[32mchunk-I5CY5D5E.js[39m  [2m | [22m[2mdisputes-dashboard-component[22m       [2m | [22m[36m326.53 kB[39m[2m | [22m
[32mchunk-HY6BRWNT.js[39m  [2m | [22m[2mdashboard-component[22m                [2m | [22m[36m191.75 kB[39m[2m | [22m
[32mchunk-WVQ5NIGY.js[39m  [2m | [22m[2mvendor-detail-component[22m            [2m | [22m[36m179.46 kB[39m[2m | [22m
[32mchunk-RPIC5JOZ.js[39m  [2m | [22m[2mvendor-finance-component[22m           [2m | [22m[36m177.75 kB[39m[2m | [22m
[32mchunk-EI2NIALB.js[39m  [2m | [22m[2memail-center-component[22m             [2m | [22m[36m125.67 kB[39m[2m | [22m
[32mchunk-WA4VHB2A.js[39m  [2m | [22m[2mvendors-list-component[22m             [2m | [22m[36m106.85 kB[39m[2m | [22m
[32mchunk-RU2BPSLB.js[39m  [2m | [22m[2mvendor-compliance-component[22m        [2m | [22m[36m106.83 kB[39m[2m | [22m
[32mchunk-DISHET24.js[39m  [2m | [22m[2mcustomer-detail-component[22m          [2m | [22m [36m92.40 kB[39m[2m | [22m
[32mchunk-6MAJJ324.js[39m  [2m | [22m[2madmin-user-detail-component[22m        [2m | [22m [36m88.29 kB[39m[2m | [22m
[32mchunk-4JY2JRZY.js[39m  [2m | [22m[2m-[22m                                  [2m | [22m [36m83.22 kB[39m[2m | [22m
[32mchunk-453IIERG.js[39m  [2m | [22m[2mbulk-master-products-page-component[22m[2m | [22m [36m78.22 kB[39m[2m | [22m
[32mchunk-7LHIFCNZ.js[39m  [2m | [22m[2m-[22m                                  [2m | [22m [36m71.97 kB[39m[2m | [22m
[32mchunk-XEKLAQMM.js[39m  [2m | [22m[2mvendor-overview-component[22m          [2m | [22m [36m71.59 kB[39m[2m | [22m
[2m...and 88 more lazy chunks files. Use "--verbose" to show all the files.[22m

Application bundle generation complete. [6.897 seconds]

Page reload sent to client(s).
[33m>[39m Changes detected. Rebuilding...
[32m√[39m Changes detected. Rebuilding...
[1mInitial chunk files[22m[2m | [22m[1mNames[22m                     [2m | [22m[1mRaw size[22m
[32mmain.js[39m            [2m | [22m[2mmain[22m                      [2m | [22m[36m71.41 kB[39m[2m | [22m

[1mLazy chunk files[22m   [2m | [22m[1mNames[22m                     [2m | [22m[1mRaw size[22m
[32mchunk-NYLFAQWY.js[39m  [2m | [22m[2mcategory-details-component[22m[2m | [22m[36m66.26 kB[39m[2m | [22m
[32mchunk-IJJZRUHB.js[39m  [2m | [22m[2mcatalog-routes[22m            [2m | [22m [36m2.04 kB[39m[2m | [22m

Application bundle generation complete. [3.287 seconds]

Page reload sent to client(s).
[33m>[39m Changes detected. Rebuilding...
[32m√[39m Changes detected. Rebuilding...
[1mInitial chunk files[22m[2m | [22m[1mNames[22m                     [2m | [22m[1mRaw size[22m
[32mmain.js[39m            [2m | [22m[2mmain[22m                      [2m | [22m[36m71.41 kB[39m[2m | [22m

[1mLazy chunk files[22m   [2m | [22m[1mNames[22m                     [2m | [22m[1mRaw size[22m
[32mchunk-LUYAZCYS.js[39m  [2m | [22m[2mcategory-details-component[22m[2m | [22m[36m73.45 kB[39m[2m | [22m
[32mchunk-P5YFH3FA.js[39m  [2m | [22m[2mcatalog-routes[22m            [2m | [22m [36m2.04 kB[39m[2m | [22m

Application bundle generation complete. [4.475 seconds]

Page reload sent to client(s).
[33m>[39m Changes detected. Rebuilding...
[32m√[39m Changes detected. Rebuilding...
[1mInitial chunk files[22m[2m | [22m[1mNames[22m                     [2m | [22m[1mRaw size[22m
[32mmain.js[39m            [2m | [22m[2mmain[22m                      [2m | [22m[36m71.41 kB[39m[2m | [22m

[1mLazy chunk files[22m   [2m | [22m[1mNames[22m                     [2m | [22m[1mRaw size[22m
[32mchunk-A7HZDMF7.js[39m  [2m | [22m[2mcategory-details-component[22m[2m | [22m[36m73.61 kB[39m[2m | [22m
[32mchunk-ZS3DBCOP.js[39m  [2m | [22m[2mcatalog-routes[22m            [2m | [22m [36m2.04 kB[39m[2m | [22m

Application bundle generation complete. [3.504 seconds]

Page reload sent to client(s).
[33m>[39m Changes detected. Rebuilding...
[32m√[39m Changes detected. Rebuilding...
[1mInitial chunk files[22m[2m | [22m[1mNames[22m                     [2m | [22m[1mRaw size[22m
[32mmain.js[39m            [2m | [22m[2mmain[22m                      [2m | [22m[36m71.41 kB[39m[2m | [22m

[1mLazy chunk files[22m   [2m | [22m[1mNames[22m                     [2m | [22m[1mRaw size[22m
[32mchunk-RAA76RWL.js[39m  [2m | [22m[2mcategory-details-component[22m[2m | [22m[36m73.68 kB[39m[2m | [22m
[32mchunk-37VGGVG2.js[39m  [2m | [22m[2mcatalog-routes[22m            [2m | [22m [36m2.04 kB[39m[2m | [22m

Application bundle generation complete. [4.880 seconds]

Page reload sent to client(s).
[33m>[39m Changes detected. Rebuilding...
[32m√[39m Changes detected. Rebuilding...
[1mInitial chunk files[22m[2m | [22m[1mNames[22m                       [2m | [22m [1mRaw size[22m
[32mstyles.css[39m         [2m | [22m[2mstyles[22m                      [2m | [22m[36m300.46 kB[39m[2m | [22m
[32mmain.js[39m            [2m | [22m[2mmain[22m                        [2m | [22m [36m71.41 kB[39m[2m | [22m

[1mLazy chunk files[22m   [2m | [22m[1mNames[22m                       [2m | [22m [1mRaw size[22m
[32mchunk-XRU7WHS6.js[39m  [2m | [22m[2mcategory-details-component[22m  [2m | [22m [36m73.68 kB[39m[2m | [22m
[32mchunk-7SUNRMC5.js[39m  [2m | [22m[2mcategories-manager-component[22m[2m | [22m [36m54.53 kB[39m[2m | [22m
[32mchunk-RTKRUPAC.js[39m  [2m | [22m[2m-[22m                           [2m | [22m [36m27.46 kB[39m[2m | [22m
[32mchunk-BSKOJ6QR.js[39m  [2m | [22m[2mcatalog-routes[22m              [2m | [22m  [36m2.04 kB[39m[2m | [22m

Application bundle generation complete. [9.205 seconds]

Page reload sent to client(s).
[33m>[39m Changes detected. Rebuilding...
[32m√[39m Changes detected. Rebuilding...
[1mInitial chunk files[22m[2m | [22m[1mNames[22m                       [2m | [22m[1mRaw size[22m
[32mmain.js[39m            [2m | [22m[2mmain[22m                        [2m | [22m[36m71.41 kB[39m[2m | [22m

[1mLazy chunk files[22m   [2m | [22m[1mNames[22m                       [2m | [22m[1mRaw size[22m
[32mchunk-I53QBVDE.js[39m  [2m | [22m[2mcategory-details-component[22m  [2m | [22m[36m73.68 kB[39m[2m | [22m
[32mchunk-POBIYAA3.js[39m  [2m | [22m[2mcategories-manager-component[22m[2m | [22m[36m54.53 kB[39m[2m | [22m
[32mchunk-25EZXSYK.js[39m  [2m | [22m[2m-[22m                           [2m | [22m[36m27.46 kB[39m[2m | [22m
[32mchunk-GE3MXLMU.js[39m  [2m | [22m[2mcatalog-routes[22m              [2m | [22m [36m2.04 kB[39m[2m | [22m

Application bundle generation complete. [2.964 seconds]

Page reload sent to client(s).
[33m>[39m Changes detected. Rebuilding...
[32m√[39m Changes detected. Rebuilding...
[1mInitial chunk files[22m[2m | [22m[1mNames[22m                       [2m | [22m[1mRaw size[22m
[32mmain.js[39m            [2m | [22m[2mmain[22m                        [2m | [22m[36m71.41 kB[39m[2m | [22m

[1mLazy chunk files[22m   [2m | [22m[1mNames[22m                       [2m | [22m[1mRaw size[22m
[32mchunk-C6EXITSC.js[39m  [2m | [22m[2mcategory-details-component[22m  [2m | [22m[36m73.68 kB[39m[2m | [22m
[32mchunk-YLFVLXO2.js[39m  [2m | [22m[2mcategories-manager-component[22m[2m | [22m[36m54.53 kB[39m[2m | [22m
[32mchunk-JLXPJ4JR.js[39m  [2m | [22m[2m-[22m                           [2m | [22m[36m27.46 kB[39m[2m | [22m
[32mchunk-5DPUAWI3.js[39m  [2m | [22m[2mcatalog-routes[22m              [2m | [22m [36m2.04 kB[39m[2m | [22m

Application bundle generation complete. [3.519 seconds]

Page reload sent to client(s).
[33m>[39m Changes detected. Rebuilding...
[32m√[39m Changes detected. Rebuilding...
[1mInitial chunk files[22m[2m | [22m[1mNames[22m                       [2m | [22m[1mRaw size[22m
[32mmain.js[39m            [2m | [22m[2mmain[22m                        [2m | [22m[36m71.41 kB[39m[2m | [22m

[1mLazy chunk files[22m   [2m | [22m[1mNames[22m                       [2m | [22m[1mRaw size[22m
[32mchunk-YSRIRY4W.js[39m  [2m | [22m[2mcategory-details-component[22m  [2m | [22m[36m73.68 kB[39m[2m | [22m
[32mchunk-X6GULKBJ.js[39m  [2m | [22m[2mcategories-manager-component[22m[2m | [22m[36m54.53 kB[39m[2m | [22m
[32mchunk-ZWDKQZO6.js[39m  [2m | [22m[2m-[22m                           [2m | [22m[36m24.75 kB[39m[2m | [22m
[32mchunk-LWYZ7TT3.js[39m  [2m | [22m[2mcatalog-routes[22m              [2m | [22m [36m2.04 kB[39m[2m | [22m

Application bundle generation complete. [2.651 seconds]

Page reload sent to client(s).
[33m>[39m Changes detected. Rebuilding...
[32m√[39m Changes detected. Rebuilding...
[1mInitial chunk files[22m[2m | [22m[1mNames[22m                       [2m | [22m [1mRaw size[22m
[32mstyles.css[39m         [2m | [22m[2mstyles[22m                      [2m | [22m[36m300.59 kB[39m[2m | [22m
[32mmain.js[39m            [2m | [22m[2mmain[22m                        [2m | [22m [36m71.41 kB[39m[2m | [22m

[1mLazy chunk files[22m   [2m | [22m[1mNames[22m                       [2m | [22m [1mRaw size[22m
[32mchunk-QSTCYMQT.js[39m  [2m | [22m[2mcategory-details-component[22m  [2m | [22m [36m73.68 kB[39m[2m | [22m
[32mchunk-CLHD6ICV.js[39m  [2m | [22m[2mcategories-manager-component[22m[2m | [22m [36m54.53 kB[39m[2m | [22m
[32mchunk-NVNEGIUM.js[39m  [2m | [22m[2m-[22m                           [2m | [22m [36m24.77 kB[39m[2m | [22m
[32mchunk-VIKRWB3R.js[39m  [2m | [22m[2mcatalog-routes[22m              [2m | [22m  [36m2.04 kB[39m[2m | [22m

Application bundle generation complete. [3.065 seconds]

Page reload sent to client(s).
[33m>[39m Changes detected. Rebuilding...
[32m√[39m Changes detected. Rebuilding...
[1mInitial chunk files[22m[2m | [22m[1mNames[22m                       [2m | [22m [1mRaw size[22m
[32mstyles.css[39m         [2m | [22m[2mstyles[22m                      [2m | [22m[36m300.94 kB[39m[2m | [22m
[32mmain.js[39m            [2m | [22m[2mmain[22m                        [2m | [22m [36m71.41 kB[39m[2m | [22m

[1mLazy chunk files[22m   [2m | [22m[1mNames[22m                       [2m | [22m [1mRaw size[22m
[32mchunk-PBTTMJSW.js[39m  [2m | [22m[2mcategories-manager-component[22m[2m | [22m [36m55.73 kB[39m[2m | [22m
[32mchunk-VL4HZ7OY.js[39m  [2m | [22m[2mcatalog-routes[22m              [2m | [22m  [36m2.04 kB[39m[2m | [22m

Application bundle generation complete. [6.589 seconds]

Page reload sent to client(s).
[33m>[39m Changes detected. Rebuilding...
[32m√[39m Changes detected. Rebuilding...
[1mInitial chunk files[22m[2m | [22m[1mNames[22m                       [2m | [22m[1mRaw size[22m
[32mmain.js[39m            [2m | [22m[2mmain[22m                        [2m | [22m[36m71.41 kB[39m[2m | [22m

[1mLazy chunk files[22m   [2m | [22m[1mNames[22m                       [2m | [22m[1mRaw size[22m
[32mchunk-NPHBRRFN.js[39m  [2m | [22m[2mcategories-manager-component[22m[2m | [22m[36m55.73 kB[39m[2m | [22m
[32mchunk-UVCWHMM3.js[39m  [2m | [22m[2mcatalog-routes[22m              [2m | [22m [36m2.04 kB[39m[2m | [22m

Application bundle generation complete. [6.630 seconds]

Page reload sent to client(s).
[33m>[39m Changes detected. Rebuilding...
[32m√[39m Changes detected. Rebuilding...
[1mInitial chunk files[22m[2m | [22m[1mNames[22m                       [2m | [22m[1mRaw size[22m
[32mmain.js[39m            [2m | [22m[2mmain[22m                        [2m | [22m[36m71.41 kB[39m[2m | [22m

[1mLazy chunk files[22m   [2m | [22m[1mNames[22m                       [2m | [22m[1mRaw size[22m
[32mchunk-LVLJHYDJ.js[39m  [2m | [22m[2mcategories-manager-component[22m[2m | [22m[36m55.76 kB[39m[2m | [22m
[32mchunk-KWOXILUS.js[39m  [2m | [22m[2mcatalog-routes[22m              [2m | [22m [36m2.04 kB[39m[2m | [22m

Application bundle generation complete. [2.961 seconds]

Page reload sent to client(s).
[33m>[39m Changes detected. Rebuilding...
[32m√[39m Changes detected. Rebuilding...
[1mInitial chunk files[22m[2m | [22m[1mNames[22m                       [2m | [22m[1mRaw size[22m
[32mmain.js[39m            [2m | [22m[2mmain[22m                        [2m | [22m[36m71.41 kB[39m[2m | [22m

[1mLazy chunk files[22m   [2m | [22m[1mNames[22m                       [2m | [22m[1mRaw size[22m
[32mchunk-7OH5H26C.js[39m  [2m | [22m[2mcategories-manager-component[22m[2m | [22m[36m55.79 kB[39m[2m | [22m
[32mchunk-5OQRU6NP.js[39m  [2m | [22m[2mcatalog-routes[22m              [2m | [22m [36m2.04 kB[39m[2m | [22m

Application bundle generation complete. [3.422 seconds]

Page reload sent to client(s).
[33m>[39m Changes detected. Rebuilding...
[32m√[39m Changes detected. Rebuilding...
[1mInitial chunk files[22m[2m | [22m[1mNames[22m                       [2m | [22m[1mRaw size[22m
[32mmain.js[39m            [2m | [22m[2mmain[22m                        [2m | [22m[36m71.41 kB[39m[2m | [22m

[1mLazy chunk files[22m   [2m | [22m[1mNames[22m                       [2m | [22m[1mRaw size[22m
[32mchunk-LL5TNEFM.js[39m  [2m | [22m[2mcategories-manager-component[22m[2m | [22m[36m52.88 kB[39m[2m | [22m
[32mchunk-YO5UCPEW.js[39m  [2m | [22m[2mcatalog-routes[22m              [2m | [22m [36m2.04 kB[39m[2m | [22m

Application bundle generation complete. [3.387 seconds]

Page reload sent to client(s).
[33m>[39m Changes detected. Rebuilding...
[32m√[39m Changes detected. Rebuilding...
[1mInitial chunk files[22m[2m | [22m[1mNames[22m                       [2m | [22m[1mRaw size[22m
[32mmain.js[39m            [2m | [22m[2mmain[22m                        [2m | [22m[36m71.41 kB[39m[2m | [22m

[1mLazy chunk files[22m   [2m | [22m[1mNames[22m                       [2m | [22m[1mRaw size[22m
[32mchunk-3JYG3TDK.js[39m  [2m | [22m[2mcategories-manager-component[22m[2m | [22m[36m51.20 kB[39m[2m | [22m
[32mchunk-FIZOWLQD.js[39m  [2m | [22m[2mcatalog-routes[22m              [2m | [22m [36m2.04 kB[39m[2m | [22m

Application bundle generation complete. [3.683 seconds]

Page reload sent to client(s).
[33m>[39m Changes detected. Rebuilding...
[32m√[39m Changes detected. Rebuilding...
[1mInitial chunk files[22m[2m | [22m[1mNames[22m                     [2m | [22m[1mRaw size[22m
[32mmain.js[39m            [2m | [22m[2mmain[22m                      [2m | [22m[36m71.41 kB[39m[2m | [22m

[1mLazy chunk files[22m   [2m | [22m[1mNames[22m                     [2m | [22m[1mRaw size[22m
[32mchunk-UKPKTHMN.js[39m  [2m | [22m[2mcategory-details-component[22m[2m | [22m[36m74.31 kB[39m[2m | [22m
[32mchunk-M573SZXL.js[39m  [2m | [22m[2mcatalog-routes[22m            [2m | [22m [36m2.04 kB[39m[2m | [22m

Application bundle generation complete. [9.648 seconds]

Page reload sent to client(s).
[33m>[39m Changes detected. Rebuilding...
[32m√[39m Changes detected. Rebuilding...
[1mInitial chunk files[22m[2m | [22m[1mNames[22m                          [2m | [22m [1mRaw size[22m
[32mmain.js[39m            [2m | [22m[2mmain[22m                           [2m | [22m [36m71.41 kB[39m[2m | [22m

[1mLazy chunk files[22m   [2m | [22m[1mNames[22m                          [2m | [22m [1mRaw size[22m
[32mchunk-XYTKN5VD.js[39m  [2m | [22m[2morders-routes[22m                  [2m | [22m[36m340.74 kB[39m[2m | [22m
[32mchunk-ZMT3AV52.js[39m  [2m | [22m[2memail-center-component[22m         [2m | [22m[36m125.64 kB[39m[2m | [22m
[32mchunk-NGBR4FF6.js[39m  [2m | [22m[2mcustomer-detail-component[22m      [2m | [22m [36m92.37 kB[39m[2m | [22m
[32mchunk-IZ5AMU5I.js[39m  [2m | [22m[2m-[22m                              [2m | [22m [36m88.36 kB[39m[2m | [22m
[32mchunk-L3U7O6BO.js[39m  [2m | [22m[2madmin-user-detail-component[22m    [2m | [22m [36m88.26 kB[39m[2m | [22m
[32mchunk-Z4WG5AXT.js[39m  [2m | [22m[2mplatform-pricing-component[22m     [2m | [22m [36m54.34 kB[39m[2m | [22m
[32mchunk-OAENEK4U.js[39m  [2m | [22m[2mfinancial-ledger-component[22m     [2m | [22m [36m52.30 kB[39m[2m | [22m
[32mchunk-MQ2WZOUC.js[39m  [2m | [22m[2m-[22m                              [2m | [22m [36m49.56 kB[39m[2m | [22m
[32mchunk-APIBJBCP.js[39m  [2m | [22m[2mfinance-dashboard-component[22m    [2m | [22m [36m46.57 kB[39m[2m | [22m
[32mchunk-XUVDW7PP.js[39m  [2m | [22m[2mcustomers-list-component[22m       [2m | [22m [36m37.71 kB[39m[2m | [22m
[32mchunk-VW2PTTYH.js[39m  [2m | [22m[2msettlements-component[22m          [2m | [22m [36m34.64 kB[39m[2m | [22m
[32mchunk-MHJ6DJHJ.js[39m  [2m | [22m[2mfinancial-adjustments-component[22m[2m | [22m [36m31.03 kB[39m[2m | [22m
[32mchunk-QUWWJHDZ.js[39m  [2m | [22m[2mcod-reconciliation-component[22m   [2m | [22m [36m26.40 kB[39m[2m | [22m
[32mchunk-SCLRNXER.js[39m  [2m | [22m[2m-[22m                              [2m | [22m [36m22.44 kB[39m[2m | [22m
[32mchunk-CEZQZ6QN.js[39m  [2m | [22m[2mfinances-routes[22m                [2m | [22m [36m19.51 kB[39m[2m | [22m
[2m...and 4 more lazy chunks files. Use "--verbose" to show all the files.[22m

Application bundle generation complete. [14.052 seconds]

Page reload sent to client(s).
[33m>[39m Changes detected. Rebuilding...
[32m√[39m Changes detected. Rebuilding...
[1mInitial chunk files[22m[2m | [22m[1mNames[22m                              [2m | [22m[1mRaw size[22m
[32mmain.js[39m            [2m | [22m[2mmain[22m                               [2m | [22m[36m71.41 kB[39m[2m | [22m

[1mLazy chunk files[22m   [2m | [22m[1mNames[22m                              [2m | [22m[1mRaw size[22m
[32mchunk-CRGFIRH2.js[39m  [2m | [22m[2mbulk-master-products-page-component[22m[2m | [22m[36m78.22 kB[39m[2m | [22m
[32mchunk-OB3I4KKV.js[39m  [2m | [22m[2mcategory-details-component[22m         [2m | [22m[36m74.31 kB[39m[2m | [22m
[32mchunk-KZIX6VLE.js[39m  [2m | [22m[2mbrand-list-component[22m               [2m | [22m[36m69.80 kB[39m[2m | [22m
[32mchunk-SVTVDWGD.js[39m  [2m | [22m[2m-[22m                                  [2m | [22m[36m69.53 kB[39m[2m | [22m
[32mchunk-CYAHSLN5.js[39m  [2m | [22m[2mmaster-products-component[22m          [2m | [22m[36m66.58 kB[39m[2m | [22m
[32mchunk-NUUZZMX3.js[39m  [2m | [22m[2m-[22m                                  [2m | [22m[36m63.87 kB[39m[2m | [22m
[32mchunk-DOQUZJ2S.js[39m  [2m | [22m[2mbulk-brands-page-component[22m         [2m | [22m[36m54.58 kB[39m[2m | [22m
[32mchunk-57XVXPMA.js[39m  [2m | [22m[2mmarketing-home-sections-component[22m  [2m | [22m[36m51.84 kB[39m[2m | [22m
[32mchunk-7UQURXMN.js[39m  [2m | [22m[2mcategories-manager-component[22m       [2m | [22m[36m51.20 kB[39m[2m | [22m
[32mchunk-6MZC2O6D.js[39m  [2m | [22m[2mmaster-product-form-component[22m      [2m | [22m[36m47.30 kB[39m[2m | [22m
[32mchunk-CONDNM5V.js[39m  [2m | [22m[2mrequest-detail-component[22m           [2m | [22m[36m29.85 kB[39m[2m | [22m
[32mchunk-47Z45ZJF.js[39m  [2m | [22m[2mbrand-detail-component[22m             [2m | [22m[36m29.59 kB[39m[2m | [22m
[32mchunk-Y77KHUE3.js[39m  [2m | [22m[2mproduct-detail-component[22m           [2m | [22m[36m27.90 kB[39m[2m | [22m
[32mchunk-5VB4B4UA.js[39m  [2m | [22m[2m-[22m                                  [2m | [22m[36m24.77 kB[39m[2m | [22m
[32mchunk-G7HWRPJK.js[39m  [2m | [22m[2mrequest-list-component[22m             [2m | [22m[36m22.62 kB[39m[2m | [22m
[2m...and 2 more lazy chunks files. Use "--verbose" to show all the files.[22m

Application bundle generation complete. [5.705 seconds]

Page reload sent to client(s).
[33m>[39m Changes detected. Rebuilding...
[32m√[39m Changes detected. Rebuilding...
[1mInitial chunk files[22m[2m | [22m[1mNames[22m                        [2m | [22m [1mRaw size[22m
[32mmain.js[39m            [2m | [22m[2mmain[22m                         [2m | [22m [36m71.41 kB[39m[2m | [22m

[1mLazy chunk files[22m   [2m | [22m[1mNames[22m                        [2m | [22m [1mRaw size[22m
[32mchunk-EZFADKBV.js[39m  [2m | [22m[2morders-routes[22m                [2m | [22m[36m340.74 kB[39m[2m | [22m
[32mchunk-SCOTCX2Z.js[39m  [2m | [22m[2mvendor-detail-component[22m      [2m | [22m[36m179.46 kB[39m[2m | [22m
[32mchunk-6L3KUVIS.js[39m  [2m | [22m[2mvendor-finance-component[22m     [2m | [22m[36m177.75 kB[39m[2m | [22m
[32mchunk-GI4PUK3J.js[39m  [2m | [22m[2memail-center-component[22m       [2m | [22m[36m125.64 kB[39m[2m | [22m
[32mchunk-L574K7TV.js[39m  [2m | [22m[2mvendors-list-component[22m       [2m | [22m[36m106.85 kB[39m[2m | [22m
[32mchunk-YA5QG7LB.js[39m  [2m | [22m[2mvendor-compliance-component[22m  [2m | [22m[36m106.83 kB[39m[2m | [22m
[32mchunk-6IZPLNC3.js[39m  [2m | [22m[2m-[22m                            [2m | [22m [36m88.36 kB[39m[2m | [22m
[32mchunk-QMP42KMW.js[39m  [2m | [22m[2madmin-user-detail-component[22m  [2m | [22m [36m88.26 kB[39m[2m | [22m
[32mchunk-Q3A67DXK.js[39m  [2m | [22m[2m-[22m                            [2m | [22m [36m82.99 kB[39m[2m | [22m
[32mchunk-3T2GNL2D.js[39m  [2m | [22m[2mvendor-overview-component[22m    [2m | [22m [36m71.59 kB[39m[2m | [22m
[32mchunk-EWRMYTXJ.js[39m  [2m | [22m[2mmarketing-coupons-component[22m  [2m | [22m [36m66.28 kB[39m[2m | [22m
[32mchunk-2ZHWEPRN.js[39m  [2m | [22m[2mvendor-settings-component[22m    [2m | [22m [36m64.39 kB[39m[2m | [22m
[32mchunk-DCHFKHAC.js[39m  [2m | [22m[2mvendor-activity-log-component[22m[2m | [22m [36m57.89 kB[39m[2m | [22m
[32mchunk-AIGAZDCC.js[39m  [2m | [22m[2mplatform-pricing-component[22m   [2m | [22m [36m54.34 kB[39m[2m | [22m
[32mchunk-54RITHMN.js[39m  [2m | [22m[2mvendor-analytics-component[22m   [2m | [22m [36m53.09 kB[39m[2m | [22m
[2m...and 16 more lazy chunks files. Use "--verbose" to show all the files.[22m

Application bundle generation complete. [11.879 seconds]

Page reload sent to client(s).
[33m>[39m Changes detected. Rebuilding...
[32m√[39m Changes detected. Rebuilding...
[1mInitial chunk files[22m[2m | [22m[1mNames[22m                       [2m | [22m [1mRaw size[22m
[32mmain.js[39m            [2m | [22m[2mmain[22m                        [2m | [22m [36m71.41 kB[39m[2m | [22m

[1mLazy chunk files[22m   [2m | [22m[1mNames[22m                       [2m | [22m [1mRaw size[22m
[32mchunk-LPY6JMIQ.js[39m  [2m | [22m[2mdisputes-dashboard-component[22m[2m | [22m[36m326.53 kB[39m[2m | [22m
[32mchunk-37YXCSXL.js[39m  [2m | [22m[2mvendors-routes[22m              [2m | [22m [36m50.72 kB[39m[2m | [22m
[32mchunk-D6ZLTATK.js[39m  [2m | [22m[2mvendor-disputes-component[22m   [2m | [22m [36m37.82 kB[39m[2m | [22m
[32mchunk-GAQQKRYJ.js[39m  [2m | [22m[2m-[22m                           [2m | [22m [36m11.95 kB[39m[2m | [22m
[32mchunk-W7OFYPTH.js[39m  [2m | [22m[2mdisputes-routes[22m             [2m | [22m[36m540 bytes[39m[2m | [22m

Application bundle generation complete. [3.473 seconds]

Page reload sent to client(s).
[33m>[39m Changes detected. Rebuilding...
[32m√[39m Changes detected. Rebuilding...
[1mInitial chunk files[22m[2m | [22m[1mNames[22m                      [2m | [22m [1mRaw size[22m
[32mmain.js[39m            [2m | [22m[2mmain[22m                       [2m | [22m [36m71.41 kB[39m[2m | [22m

[1mLazy chunk files[22m   [2m | [22m[1mNames[22m                      [2m | [22m [1mRaw size[22m
[32mchunk-HWIDP5NQ.js[39m  [2m | [22m[2memail-center-component[22m     [2m | [22m[36m125.64 kB[39m[2m | [22m
[32mchunk-ZSAGC3N7.js[39m  [2m | [22m[2madmin-user-detail-component[22m[2m | [22m [36m88.26 kB[39m[2m | [22m
[32mchunk-EQDCSSSG.js[39m  [2m | [22m[2m-[22m                          [2m | [22m [36m49.43 kB[39m[2m | [22m
[32mchunk-F62L7X4S.js[39m  [2m | [22m[2memail-center-routes[22m        [2m | [22m  [36m1.00 kB[39m[2m | [22m
[32mchunk-PTYRT7RV.js[39m  [2m | [22m[2madmin-users-routes[22m         [2m | [22m[36m551 bytes[39m[2m | [22m

Application bundle generation complete. [6.316 seconds]

Page reload sent to client(s).
[33m>[39m Changes detected. Rebuilding...
[32m√[39m Changes detected. Rebuilding...
[1mInitial chunk files[22m[2m | [22m[1mNames[22m                 [2m | [22m [1mRaw size[22m
[32mmain.js[39m            [2m | [22m[2mmain[22m                  [2m | [22m [36m71.41 kB[39m[2m | [22m

[1mLazy chunk files[22m   [2m | [22m[1mNames[22m                 [2m | [22m [1mRaw size[22m
[32mchunk-45W7DCRL.js[39m  [2m | [22m[2mdrivers-list-component[22m[2m | [22m [36m61.08 kB[39m[2m | [22m
[32mchunk-5T7ULYLG.js[39m  [2m | [22m[2mdrivers-routes[22m        [2m | [22m[36m406 bytes[39m[2m | [22m

Application bundle generation complete. [2.802 seconds]

Page reload sent to client(s).
[33m>[39m Changes detected. Rebuilding...
[32m√[39m Changes detected. Rebuilding...
[1mInitial chunk files[22m[2m | [22m[1mNames[22m                              [2m | [22m [1mRaw size[22m
[32mmain.js[39m            [2m | [22m[2mmain[22m                               [2m | [22m [36m71.41 kB[39m[2m | [22m

[1mLazy chunk files[22m   [2m | [22m[1mNames[22m                              [2m | [22m [1mRaw size[22m
[32mchunk-CTZVCSOG.js[39m  [2m | [22m[2morders-routes[22m                      [2m | [22m[36m340.74 kB[39m[2m | [22m
[32mchunk-WI365TKI.js[39m  [2m | [22m[2mdriver-detail-component[22m            [2m | [22m[36m331.65 kB[39m[2m | [22m
[32mchunk-2FVI4NRU.js[39m  [2m | [22m[2memail-center-component[22m             [2m | [22m[36m125.64 kB[39m[2m | [22m
[32mchunk-5ALODVFH.js[39m  [2m | [22m[2m-[22m                                  [2m | [22m [36m88.36 kB[39m[2m | [22m
[32mchunk-CVSXUKVH.js[39m  [2m | [22m[2madmin-user-detail-component[22m        [2m | [22m [36m88.26 kB[39m[2m | [22m
[32mchunk-A3ROVVJQ.js[39m  [2m | [22m[2mbulk-master-products-page-component[22m[2m | [22m [36m78.22 kB[39m[2m | [22m
[32mchunk-RYUZYBUN.js[39m  [2m | [22m[2mcategory-details-component[22m         [2m | [22m [36m74.31 kB[39m[2m | [22m
[32mchunk-M57HE3DO.js[39m  [2m | [22m[2mbrand-list-component[22m               [2m | [22m [36m69.80 kB[39m[2m | [22m
[32mchunk-EWPSBTFY.js[39m  [2m | [22m[2m-[22m                                  [2m | [22m [36m69.55 kB[39m[2m | [22m
[32mchunk-RARIG6DK.js[39m  [2m | [22m[2mmaster-products-component[22m          [2m | [22m [36m66.58 kB[39m[2m | [22m
[32mchunk-P3CN7BRI.js[39m  [2m | [22m[2m-[22m                                  [2m | [22m [36m63.87 kB[39m[2m | [22m
[32mchunk-ASFVOZQ5.js[39m  [2m | [22m[2mdrivers-list-component[22m             [2m | [22m [36m61.08 kB[39m[2m | [22m
[32mchunk-6WOGSJOL.js[39m  [2m | [22m[2m-[22m                                  [2m | [22m [36m56.97 kB[39m[2m | [22m
[32mchunk-U7EX3BGE.js[39m  [2m | [22m[2mbulk-brands-page-component[22m         [2m | [22m [36m54.58 kB[39m[2m | [22m
[32mchunk-4AKLXS77.js[39m  [2m | [22m[2mplatform-pricing-component[22m         [2m | [22m [36m54.34 kB[39m[2m | [22m
[2m...and 22 more lazy chunks files. Use "--verbose" to show all the files.[22m

Application bundle generation complete. [7.613 seconds]

Page reload sent to client(s).
[33m>[39m Changes detected. Rebuilding...
[32m√[39m Changes detected. Rebuilding...
[1mInitial chunk files[22m[2m | [22m[1mNames[22m                              [2m | [22m [1mRaw size[22m
[32mmain.js[39m            [2m | [22m[2mmain[22m                               [2m | [22m [36m71.41 kB[39m[2m | [22m

[1mLazy chunk files[22m   [2m | [22m[1mNames[22m                              [2m | [22m [1mRaw size[22m
[32mchunk-5SC5GO7G.js[39m  [2m | [22m[2morders-routes[22m                      [2m | [22m[36m340.74 kB[39m[2m | [22m
[32mchunk-3C4JGCZB.js[39m  [2m | [22m[2mvendor-detail-component[22m            [2m | [22m[36m179.46 kB[39m[2m | [22m
[32mchunk-5344YQGQ.js[39m  [2m | [22m[2mvendor-finance-component[22m           [2m | [22m[36m177.75 kB[39m[2m | [22m
[32mchunk-QWKKFR3J.js[39m  [2m | [22m[2memail-center-component[22m             [2m | [22m[36m125.64 kB[39m[2m | [22m
[32mchunk-T4E664RU.js[39m  [2m | [22m[2mvendors-list-component[22m             [2m | [22m[36m106.85 kB[39m[2m | [22m
[32mchunk-HBYQJTRY.js[39m  [2m | [22m[2mvendor-compliance-component[22m        [2m | [22m[36m106.83 kB[39m[2m | [22m
[32mchunk-73FCSUUD.js[39m  [2m | [22m[2m-[22m                                  [2m | [22m [36m88.36 kB[39m[2m | [22m
[32mchunk-KZ2GRKL4.js[39m  [2m | [22m[2madmin-user-detail-component[22m        [2m | [22m [36m88.26 kB[39m[2m | [22m
[32mchunk-2PVMVVRZ.js[39m  [2m | [22m[2mbulk-master-products-page-component[22m[2m | [22m [36m78.22 kB[39m[2m | [22m
[32mchunk-C6KGCWBA.js[39m  [2m | [22m[2mcategory-details-component[22m         [2m | [22m [36m74.31 kB[39m[2m | [22m
[32mchunk-P2R3VIM7.js[39m  [2m | [22m[2mvendor-overview-component[22m          [2m | [22m [36m71.59 kB[39m[2m | [22m
[32mchunk-L24R5J4Z.js[39m  [2m | [22m[2m-[22m                                  [2m | [22m [36m71.16 kB[39m[2m | [22m
[32mchunk-DK4EQG44.js[39m  [2m | [22m[2mbrand-list-component[22m               [2m | [22m [36m69.80 kB[39m[2m | [22m
[32mchunk-GPDRTWIU.js[39m  [2m | [22m[2mmaster-products-component[22m          [2m | [22m [36m66.58 kB[39m[2m | [22m
[32mchunk-QJAXQHL7.js[39m  [2m | [22m[2mmarketing-coupons-component[22m        [2m | [22m [36m66.28 kB[39m[2m | [22m
[2m...and 32 more lazy chunks files. Use "--verbose" to show all the files.[22m

Application bundle generation complete. [4.081 seconds]

Page reload sent to client(s).
[33m>[39m Changes detected. Rebuilding...
[32m√[39m Changes detected. Rebuilding...
[1mInitial chunk files[22m[2m | [22m[1mNames[22m                          [2m | [22m [1mRaw size[22m
[32mmain.js[39m            [2m | [22m[2mmain[22m                           [2m | [22m [36m71.41 kB[39m[2m | [22m

[1mLazy chunk files[22m   [2m | [22m[1mNames[22m                          [2m | [22m [1mRaw size[22m
[32mchunk-QDXSY2SR.js[39m  [2m | [22m[2morders-routes[22m                  [2m | [22m[36m340.74 kB[39m[2m | [22m
[32mchunk-ZZKSDO4D.js[39m  [2m | [22m[2m-[22m                              [2m | [22m [36m85.10 kB[39m[2m | [22m
[32mchunk-S2VBFDNP.js[39m  [2m | [22m[2mplatform-pricing-component[22m     [2m | [22m [36m54.34 kB[39m[2m | [22m
[32mchunk-C65QOIQN.js[39m  [2m | [22m[2mfinancial-ledger-component[22m     [2m | [22m [36m52.30 kB[39m[2m | [22m
[32mchunk-ZG3V3MP3.js[39m  [2m | [22m[2mfinance-dashboard-component[22m    [2m | [22m [36m46.57 kB[39m[2m | [22m
[32mchunk-2HIXB6QE.js[39m  [2m | [22m[2msettlements-component[22m          [2m | [22m [36m34.64 kB[39m[2m | [22m
[32mchunk-J4E7J6IC.js[39m  [2m | [22m[2mfinancial-adjustments-component[22m[2m | [22m [36m31.03 kB[39m[2m | [22m
[32mchunk-PLX3LYID.js[39m  [2m | [22m[2mcod-reconciliation-component[22m   [2m | [22m [36m26.40 kB[39m[2m | [22m
[32mchunk-BN3WSVIS.js[39m  [2m | [22m[2mfinances-routes[22m                [2m | [22m [36m19.51 kB[39m[2m | [22m
[32mchunk-C75AOLDR.js[39m  [2m | [22m[2maudit-log-component[22m            [2m | [22m [36m16.22 kB[39m[2m | [22m

Application bundle generation complete. [4.510 seconds]

Page reload sent to client(s).
[33m>[39m Changes detected. Rebuilding...
[32m√[39m Changes detected. Rebuilding...
[1mInitial chunk files[22m[2m | [22m[1mNames[22m                      [2m | [22m [1mRaw size[22m
[32mmain.js[39m            [2m | [22m[2mmain[22m                       [2m | [22m [36m71.41 kB[39m[2m | [22m

[1mLazy chunk files[22m   [2m | [22m[1mNames[22m                      [2m | [22m [1mRaw size[22m
[32mchunk-MGQSCSTX.js[39m  [2m | [22m[2memail-center-component[22m     [2m | [22m[36m125.64 kB[39m[2m | [22m
[32mchunk-V74LCEJM.js[39m  [2m | [22m[2madmin-user-detail-component[22m[2m | [22m [36m88.26 kB[39m[2m | [22m
[32mchunk-G6YQINW7.js[39m  [2m | [22m[2m-[22m                          [2m | [22m [36m45.33 kB[39m[2m | [22m
[32mchunk-WLQI4RGD.js[39m  [2m | [22m[2memail-center-routes[22m        [2m | [22m  [36m1.00 kB[39m[2m | [22m
[32mchunk-HM2ERBMO.js[39m  [2m | [22m[2madmin-users-routes[22m         [2m | [22m[36m551 bytes[39m[2m | [22m

Application bundle generation complete. [3.824 seconds]

Page reload sent to client(s).
[33m>[39m Changes detected. Rebuilding...
[32m√[39m Changes detected. Rebuilding...
[1mInitial chunk files[22m[2m | [22m[1mNames[22m                 [2m | [22m [1mRaw size[22m
[32mmain.js[39m            [2m | [22m[2mmain[22m                  [2m | [22m [36m71.41 kB[39m[2m | [22m

[1mLazy chunk files[22m   [2m | [22m[1mNames[22m                 [2m | [22m [1mRaw size[22m
[32mchunk-HGLF6PTD.js[39m  [2m | [22m[2mdrivers-list-component[22m[2m | [22m [36m60.78 kB[39m[2m | [22m
[32mchunk-ETU5TCWN.js[39m  [2m | [22m[2mdrivers-routes[22m        [2m | [22m[36m406 bytes[39m[2m | [22m

Application bundle generation complete. [2.047 seconds]

Page reload sent to client(s).
[33m>[39m Changes detected. Rebuilding...
[32m√[39m Changes detected. Rebuilding...

No output file changes.

Application bundle generation complete. [2.162 seconds]

[33m>[39m Changes detected. Rebuilding...
[32m√[39m Changes detected. Rebuilding...
[1mInitial chunk files[22m[2m | [22m[1mNames[22m                      [2m | [22m [1mRaw size[22m
[32mmain.js[39m            [2m | [22m[2mmain[22m                       [2m | [22m [36m71.41 kB[39m[2m | [22m

[1mLazy chunk files[22m   [2m | [22m[1mNames[22m                      [2m | [22m [1mRaw size[22m
[32mchunk-POMU6ENX.js[39m  [2m | [22m[2memail-center-component[22m     [2m | [22m[36m125.64 kB[39m[2m | [22m
[32mchunk-K6XVNU35.js[39m  [2m | [22m[2madmin-user-detail-component[22m[2m | [22m [36m88.26 kB[39m[2m | [22m
[32mchunk-KKEEF74D.js[39m  [2m | [22m[2m-[22m                          [2m | [22m [36m45.22 kB[39m[2m | [22m
[32mchunk-TDSOPQCN.js[39m  [2m | [22m[2memail-center-routes[22m        [2m | [22m  [36m1.00 kB[39m[2m | [22m
[32mchunk-TZZMS5NU.js[39m  [2m | [22m[2madmin-users-routes[22m         [2m | [22m[36m551 bytes[39m[2m | [22m

Application bundle generation complete. [2.537 seconds]

Page reload sent to client(s).
[33m>[39m Changes detected. Rebuilding...
[32m√[39m Changes detected. Rebuilding...
[1mInitial chunk files[22m[2m | [22m[1mNames[22m                      [2m | [22m [1mRaw size[22m
[32mmain.js[39m            [2m | [22m[2mmain[22m                       [2m | [22m [36m71.41 kB[39m[2m | [22m

[1mLazy chunk files[22m   [2m | [22m[1mNames[22m                      [2m | [22m [1mRaw size[22m
[32mchunk-WDCJD27N.js[39m  [2m | [22m[2memail-center-component[22m     [2m | [22m[36m125.64 kB[39m[2m | [22m
[32mchunk-HF43DYIL.js[39m  [2m | [22m[2madmin-user-detail-component[22m[2m | [22m [36m88.26 kB[39m[2m | [22m
[32mchunk-ZRCBHKKS.js[39m  [2m | [22m[2m-[22m                          [2m | [22m [36m45.28 kB[39m[2m | [22m
[32mchunk-BMCBAHL3.js[39m  [2m | [22m[2memail-center-routes[22m        [2m | [22m  [36m1.00 kB[39m[2m | [22m
[32mchunk-EXJOFTGK.js[39m  [2m | [22m[2madmin-users-routes[22m         [2m | [22m[36m551 bytes[39m[2m | [22m

Application bundle generation complete. [3.055 seconds]

Page reload sent to client(s).
[33m>[39m Changes detected. Rebuilding...
[32m√[39m Changes detected. Rebuilding...
[1mInitial chunk files[22m[2m | [22m[1mNames[22m                                [2m | [22m [1mRaw size[22m
[32mstyles.css[39m         [2m | [22m[2mstyles[22m                               [2m | [22m[36m301.24 kB[39m[2m | [22m
[32mmain.js[39m            [2m | [22m[2mmain[22m                                 [2m | [22m [36m71.41 kB[39m[2m | [22m

[1mLazy chunk files[22m   [2m | [22m[1mNames[22m                                [2m | [22m [1mRaw size[22m
[32mchunk-6CT2EGPU.js[39m  [2m | [22m[2morders-routes[22m                        [2m | [22m[36m340.74 kB[39m[2m | [22m
[32mchunk-P4FYG5UO.js[39m  [2m | [22m[2mdriver-detail-component[22m              [2m | [22m[36m331.65 kB[39m[2m | [22m
[32mchunk-WTCVUVPW.js[39m  [2m | [22m[2mdisputes-dashboard-component[22m         [2m | [22m[36m326.53 kB[39m[2m | [22m
[32mchunk-3A75SOK4.js[39m  [2m | [22m[2mvendors-list-component[22m               [2m | [22m[36m106.85 kB[39m[2m | [22m
[32mchunk-LB3BVCRB.js[39m  [2m | [22m[2mcustomer-detail-component[22m            [2m | [22m [36m92.37 kB[39m[2m | [22m
[32mchunk-MPUMR2BA.js[39m  [2m | [22m[2mmarketing-coupons-component[22m          [2m | [22m [36m66.28 kB[39m[2m | [22m
[32mchunk-DN5UNIJ7.js[39m  [2m | [22m[2mdrivers-list-component[22m               [2m | [22m [36m60.78 kB[39m[2m | [22m
[32mchunk-SCR5LTQZ.js[39m  [2m | [22m[2mmarketing-home-sections-component[22m    [2m | [22m [36m51.84 kB[39m[2m | [22m
[32mchunk-5W3KU5CU.js[39m  [2m | [22m[2mvendors-routes[22m                       [2m | [22m [36m50.72 kB[39m[2m | [22m
[32mchunk-QVSGQ2LM.js[39m  [2m | [22m[2mmarketing-featured-products-component[22m[2m | [22m [36m46.41 kB[39m[2m | [22m
[32mchunk-3NVUXBQD.js[39m  [2m | [22m[2mmarketing-banners-component[22m          [2m | [22m [36m45.19 kB[39m[2m | [22m
[32mchunk-SJI2PDNU.js[39m  [2m | [22m[2mcustomers-list-component[22m             [2m | [22m [36m37.71 kB[39m[2m | [22m
[32mchunk-3LLRF7VW.js[39m  [2m | [22m[2m-[22m                                    [2m | [22m [36m33.81 kB[39m[2m | [22m
[32mchunk-OGDEJ36Z.js[39m  [2m | [22m[2madmin-users-list-component[22m           [2m | [22m [36m30.63 kB[39m[2m | [22m
[32mchunk-UORBC6BZ.js[39m  [2m | [22m[2mproduct-detail-component[22m             [2m | [22m [36m27.90 kB[39m[2m | [22m
[2m...and 7 more lazy chunks files. Use "--verbose" to show all the files.[22m

Application bundle generation complete. [6.302 seconds]

Page reload sent to client(s).
[33m>[39m Changes detected. Rebuilding...
[32m√[39m Changes detected. Rebuilding...
[1mInitial chunk files[22m[2m | [22m[1mNames[22m                     [2m | [22m [1mRaw size[22m
[32mmain.js[39m            [2m | [22m[2mmain[22m                      [2m | [22m [36m71.41 kB[39m[2m | [22m

[1mLazy chunk files[22m   [2m | [22m[1mNames[22m                     [2m | [22m [1mRaw size[22m
[32mchunk-YCBSK5KE.js[39m  [2m | [22m[2mvendors-list-component[22m    [2m | [22m[36m107.05 kB[39m[2m | [22m
[32mchunk-7JFL76NS.js[39m  [2m | [22m[2mvendors-routes[22m            [2m | [22m [36m50.72 kB[39m[2m | [22m
[32mchunk-L7XBBX56.js[39m  [2m | [22m[2madmin-users-list-component[22m[2m | [22m [36m30.86 kB[39m[2m | [22m
[32mchunk-KZS2XV44.js[39m  [2m | [22m[2madmin-users-routes[22m        [2m | [22m[36m551 bytes[39m[2m | [22m

Application bundle generation complete. [6.370 seconds]

Page reload sent to client(s).
[33m>[39m Changes detected. Rebuilding...
[32m√[39m Changes detected. Rebuilding...
[1mInitial chunk files[22m[2m | [22m[1mNames[22m                 [2m | [22m [1mRaw size[22m
[32mmain.js[39m            [2m | [22m[2mmain[22m                  [2m | [22m [36m71.41 kB[39m[2m | [22m

[1mLazy chunk files[22m   [2m | [22m[1mNames[22m                 [2m | [22m [1mRaw size[22m
[32mchunk-RXRVUYAK.js[39m  [2m | [22m[2mdrivers-list-component[22m[2m | [22m [36m59.27 kB[39m[2m | [22m
[32mchunk-D3XKE54O.js[39m  [2m | [22m[2mdrivers-routes[22m        [2m | [22m[36m406 bytes[39m[2m | [22m

Application bundle generation complete. [10.985 seconds]

Page reload sent to client(s).
[33m>[39m Changes detected. Rebuilding...
[32m√[39m Changes detected. Rebuilding...
[1mInitial chunk files[22m[2m | [22m[1mNames[22m                     [2m | [22m [1mRaw size[22m
[32mmain.js[39m            [2m | [22m[2mmain[22m                      [2m | [22m [36m71.41 kB[39m[2m | [22m

[1mLazy chunk files[22m   [2m | [22m[1mNames[22m                     [2m | [22m [1mRaw size[22m
[32mchunk-CULS5UZF.js[39m  [2m | [22m[2mvendors-list-component[22m    [2m | [22m[36m107.29 kB[39m[2m | [22m
[32mchunk-QZMRAD2N.js[39m  [2m | [22m[2mvendors-routes[22m            [2m | [22m [36m50.72 kB[39m[2m | [22m
[32mchunk-KYMNQJJV.js[39m  [2m | [22m[2madmin-users-list-component[22m[2m | [22m [36m31.09 kB[39m[2m | [22m
[32mchunk-FMG6CHSQ.js[39m  [2m | [22m[2madmin-users-routes[22m        [2m | [22m[36m551 bytes[39m[2m | [22m

Application bundle generation complete. [5.607 seconds]

Page reload sent to client(s).
[33m>[39m Changes detected. Rebuilding...
[32m√[39m Changes detected. Rebuilding...
[1mInitial chunk files[22m[2m | [22m[1mNames[22m                                [2m | [22m [1mRaw size[22m
[32mmain.js[39m            [2m | [22m[2mmain[22m                                 [2m | [22m [36m71.41 kB[39m[2m | [22m

[1mLazy chunk files[22m   [2m | [22m[1mNames[22m                                [2m | [22m [1mRaw size[22m
[32mchunk-CGXKMQB5.js[39m  [2m | [22m[2morders-routes[22m                        [2m | [22m[36m340.74 kB[39m[2m | [22m
[32mchunk-S7IPKBLF.js[39m  [2m | [22m[2mdriver-detail-component[22m              [2m | [22m[36m331.65 kB[39m[2m | [22m
[32mchunk-I67FBPJC.js[39m  [2m | [22m[2mdisputes-dashboard-component[22m         [2m | [22m[36m326.53 kB[39m[2m | [22m
[32mchunk-UH7YEUB4.js[39m  [2m | [22m[2mvendors-list-component[22m               [2m | [22m[36m107.29 kB[39m[2m | [22m
[32mchunk-VJUNGRER.js[39m  [2m | [22m[2mcustomer-detail-component[22m            [2m | [22m [36m92.37 kB[39m[2m | [22m
[32mchunk-RHFEF34K.js[39m  [2m | [22m[2mmarketing-coupons-component[22m          [2m | [22m [36m66.28 kB[39m[2m | [22m
[32mchunk-VQY57NM3.js[39m  [2m | [22m[2mdrivers-list-component[22m               [2m | [22m [36m59.27 kB[39m[2m | [22m
[32mchunk-5KIRE344.js[39m  [2m | [22m[2mmarketing-home-sections-component[22m    [2m | [22m [36m51.84 kB[39m[2m | [22m
[32mchunk-6QVRTZKC.js[39m  [2m | [22m[2mvendors-routes[22m                       [2m | [22m [36m50.72 kB[39m[2m | [22m
[32mchunk-5RKKXB3W.js[39m  [2m | [22m[2mmarketing-featured-products-component[22m[2m | [22m [36m46.41 kB[39m[2m | [22m
[32mchunk-G7SEO53U.js[39m  [2m | [22m[2mmarketing-banners-component[22m          [2m | [22m [36m45.19 kB[39m[2m | [22m
[32mchunk-X65OZ4NX.js[39m  [2m | [22m[2mcustomers-list-component[22m             [2m | [22m [36m37.71 kB[39m[2m | [22m
[32mchunk-BW7KZPKA.js[39m  [2m | [22m[2m-[22m                                    [2m | [22m [36m34.05 kB[39m[2m | [22m
[32mchunk-3JRJHDYD.js[39m  [2m | [22m[2madmin-users-list-component[22m           [2m | [22m [36m31.09 kB[39m[2m | [22m
[32mchunk-GXMOLOB4.js[39m  [2m | [22m[2mproduct-detail-component[22m             [2m | [22m [36m27.90 kB[39m[2m | [22m
[2m...and 7 more lazy chunks files. Use "--verbose" to show all the files.[22m

Application bundle generation complete. [6.746 seconds]

Page reload sent to client(s).
[33m>[39m Changes detected. Rebuilding...
[32m√[39m Changes detected. Rebuilding...
[1mInitial chunk files[22m[2m | [22m[1mNames[22m                                [2m | [22m[1mRaw size[22m
[32mmain.js[39m            [2m | [22m[2mmain[22m                                 [2m | [22m[36m71.41 kB[39m[2m | [22m

[1mLazy chunk files[22m   [2m | [22m[1mNames[22m                                [2m | [22m[1mRaw size[22m
[32mchunk-XSQKJTRH.js[39m  [2m | [22m[2mmarketing-coupons-component[22m          [2m | [22m[36m66.73 kB[39m[2m | [22m
[32mchunk-2O4AIHZL.js[39m  [2m | [22m[2mmarketing-home-sections-component[22m    [2m | [22m[36m52.30 kB[39m[2m | [22m
[32mchunk-RGBXOXN6.js[39m  [2m | [22m[2mmarketing-featured-products-component[22m[2m | [22m[36m46.88 kB[39m[2m | [22m
[32mchunk-CSKZOV4U.js[39m  [2m | [22m[2mmarketing-banners-component[22m          [2m | [22m[36m45.64 kB[39m[2m | [22m
[32mchunk-YEUYLSDN.js[39m  [2m | [22m[2mmarketing-routes[22m                     [2m | [22m [36m8.94 kB[39m[2m | [22m

Application bundle generation complete. [4.305 seconds]

Page reload sent to client(s).
[33m>[39m Changes detected. Rebuilding...
[32m√[39m Changes detected. Rebuilding...
[1mInitial chunk files[22m[2m | [22m[1mNames[22m                    [2m | [22m[1mRaw size[22m
[32mmain.js[39m            [2m | [22m[2mmain[22m                     [2m | [22m[36m71.41 kB[39m[2m | [22m

[1mLazy chunk files[22m   [2m | [22m[1mNames[22m                    [2m | [22m[1mRaw size[22m
[32mchunk-AQELAD2P.js[39m  [2m | [22m[2mbrand-list-component[22m     [2m | [22m[36m69.28 kB[39m[2m | [22m
[32mchunk-BBN7PHI4.js[39m  [2m | [22m[2mmaster-products-component[22m[2m | [22m[36m66.34 kB[39m[2m | [22m
[32mchunk-XUQM5YQY.js[39m  [2m | [22m[2mcatalog-routes[22m           [2m | [22m [36m2.04 kB[39m[2m | [22m

Application bundle generation complete. [5.118 seconds]

Page reload sent to client(s).
[33m>[39m Changes detected. Rebuilding...
[32m√[39m Changes detected. Rebuilding...
[1mInitial chunk files[22m[2m | [22m[1mNames[22m                 [2m | [22m [1mRaw size[22m
[32mmain.js[39m            [2m | [22m[2mmain[22m                  [2m | [22m [36m71.41 kB[39m[2m | [22m

[1mLazy chunk files[22m   [2m | [22m[1mNames[22m                 [2m | [22m [1mRaw size[22m
[32mchunk-FUNNDOEO.js[39m  [2m | [22m[2mvendors-list-component[22m[2m | [22m[36m107.33 kB[39m[2m | [22m
[32mchunk-VXBTF5SL.js[39m  [2m | [22m[2mvendors-routes[22m        [2m | [22m [36m50.72 kB[39m[2m | [22m

Application bundle generation complete. [7.173 seconds]

Page reload sent to client(s).
[33m>[39m Changes detected. Rebuilding...
[32m√[39m Changes detected. Rebuilding...
[1mInitial chunk files[22m[2m | [22m[1mNames[22m                    [2m | [22m[1mRaw size[22m
[32mmain.js[39m            [2m | [22m[2mmain[22m                     [2m | [22m[36m71.41 kB[39m[2m | [22m

[1mLazy chunk files[22m   [2m | [22m[1mNames[22m                    [2m | [22m[1mRaw size[22m
[32mchunk-SGFXTQCR.js[39m  [2m | [22m[2mvendors-routes[22m           [2m | [22m[36m50.72 kB[39m[2m | [22m
[32mchunk-6T4PXVD3.js[39m  [2m | [22m[2mvendor-products-component[22m[2m | [22m[36m34.62 kB[39m[2m | [22m

Application bundle generation complete. [4.949 seconds]

Page reload sent to client(s).
[33m>[39m Changes detected. Rebuilding...
[32m√[39m Changes detected. Rebuilding...
[1mInitial chunk files[22m[2m | [22m[1mNames[22m                        [2m | [22m[1mRaw size[22m
[32mmain.js[39m            [2m | [22m[2mmain[22m                         [2m | [22m[36m71.41 kB[39m[2m | [22m

[1mLazy chunk files[22m   [2m | [22m[1mNames[22m                        [2m | [22m[1mRaw size[22m
[32mchunk-FOY3ETCC.js[39m  [2m | [22m[2mmaster-product-form-component[22m[2m | [22m[36m13.48 kB[39m[2m | [22m
[32mchunk-SY4N6EQ6.js[39m  [2m | [22m[2mcatalog-routes[22m               [2m | [22m [36m2.04 kB[39m[2m | [22m

Application bundle generation complete. [6.084 seconds]

Page reload sent to client(s).
[33m>[39m Changes detected. Rebuilding...
[32m√[39m Changes detected. Rebuilding...
Application bundle generation failed. [3.150 seconds]

[33m>[39m Changes detected. Rebuilding...
[32m√[39m Changes detected. Rebuilding...
Application bundle generation failed. [3.105 seconds]

[33m>[39m Changes detected. Rebuilding...
[32m√[39m Changes detected. Rebuilding...
Application bundle generation failed. [2.410 seconds]

[33m>[39m Changes detected. Rebuilding...
[32m√[39m Changes detected. Rebuilding...
[1mInitial chunk files[22m[2m | [22m[1mNames[22m                              [2m | [22m [1mRaw size[22m
[32mstyles.css[39m         [2m | [22m[2mstyles[22m                             [2m | [22m[36m301.24 kB[39m[2m | [22m
[32mpolyfills.js[39m       [2m | [22m[2mpolyfills[22m                          [2m | [22m [36m90.20 kB[39m[2m | [22m
[32mmain.js[39m            [2m | [22m[2mmain[22m                               [2m | [22m [36m71.41 kB[39m[2m | [22m
[32mchunk-RHZBUB7Q.js[39m  [2m | [22m[2m-[22m                                  [2m | [22m  [36m7.42 kB[39m[2m | [22m
[32mchunk-LTV7NNQO.js[39m  [2m | [22m[2m-[22m                                  [2m | [22m  [36m5.29 kB[39m[2m | [22m
[32mchunk-WDMUDEB6.js[39m  [2m | [22m[2m-[22m                                  [2m | [22m  [36m1.93 kB[39m[2m | [22m
[32mchunk-ZWUJSGC3.js[39m  [2m | [22m[2m-[22m                                  [2m | [22m  [36m1.91 kB[39m[2m | [22m
[32mchunk-FMKMVIXV.js[39m  [2m | [22m[2m-[22m                                  [2m | [22m  [36m1.87 kB[39m[2m | [22m
[32mchunk-AZICPPH2.js[39m  [2m | [22m[2m-[22m                                  [2m | [22m  [36m1.59 kB[39m[2m | [22m
[32mchunk-MYUS6GBI.js[39m  [2m | [22m[2m-[22m                                  [2m | [22m[36m219 bytes[39m[2m | [22m

[1m [22m                  [2m | [22m[1mInitial total[22m                      [2m | [22m[1m483.08 kB[22m

[1mLazy chunk files[22m   [2m | [22m[1mNames[22m                              [2m | [22m [1mRaw size[22m
[32mchunk-CGXKMQB5.js[39m  [2m | [22m[2morders-routes[22m                      [2m | [22m[36m340.74 kB[39m[2m | [22m
[32mchunk-S7IPKBLF.js[39m  [2m | [22m[2mdriver-detail-component[22m            [2m | [22m[36m331.65 kB[39m[2m | [22m
[32mchunk-I67FBPJC.js[39m  [2m | [22m[2mdisputes-dashboard-component[22m       [2m | [22m[36m326.53 kB[39m[2m | [22m
[32mchunk-HY6BRWNT.js[39m  [2m | [22m[2mdashboard-component[22m                [2m | [22m[36m191.75 kB[39m[2m | [22m
[32mchunk-3C4JGCZB.js[39m  [2m | [22m[2mvendor-detail-component[22m            [2m | [22m[36m179.46 kB[39m[2m | [22m
[32mchunk-5344YQGQ.js[39m  [2m | [22m[2mvendor-finance-component[22m           [2m | [22m[36m177.75 kB[39m[2m | [22m
[32mchunk-WDCJD27N.js[39m  [2m | [22m[2memail-center-component[22m             [2m | [22m[36m125.64 kB[39m[2m | [22m
[32mchunk-FUNNDOEO.js[39m  [2m | [22m[2mvendors-list-component[22m             [2m | [22m[36m107.33 kB[39m[2m | [22m
[32mchunk-HBYQJTRY.js[39m  [2m | [22m[2mvendor-compliance-component[22m        [2m | [22m[36m106.83 kB[39m[2m | [22m
[32mchunk-VJUNGRER.js[39m  [2m | [22m[2mcustomer-detail-component[22m          [2m | [22m [36m92.37 kB[39m[2m | [22m
[32mchunk-HF43DYIL.js[39m  [2m | [22m[2madmin-user-detail-component[22m        [2m | [22m [36m88.26 kB[39m[2m | [22m
[32mchunk-ZZKSDO4D.js[39m  [2m | [22m[2m-[22m                                  [2m | [22m [36m85.10 kB[39m[2m | [22m
[32mchunk-2PVMVVRZ.js[39m  [2m | [22m[2mbulk-master-products-page-component[22m[2m | [22m [36m78.22 kB[39m[2m | [22m
[32mchunk-C6KGCWBA.js[39m  [2m | [22m[2mcategory-details-component[22m         [2m | [22m [36m74.31 kB[39m[2m | [22m
[32mchunk-P2R3VIM7.js[39m  [2m | [22m[2mvendor-overview-component[22m          [2m | [22m [36m71.59 kB[39m[2m | [22m
[2m...and 87 more lazy chunks files. Use "--verbose" to show all the files.[22m

Application bundle generation complete. [8.231 seconds]

Page reload sent to client(s).
[33m>[39m Changes detected. Rebuilding...
[32m√[39m Changes detected. Rebuilding...
[1mInitial chunk files[22m[2m | [22m[1mNames[22m                        [2m | [22m[1mRaw size[22m
[32mmain.js[39m            [2m | [22m[2mmain[22m                         [2m | [22m[36m71.41 kB[39m[2m | [22m

[1mLazy chunk files[22m   [2m | [22m[1mNames[22m                        [2m | [22m[1mRaw size[22m
[32mchunk-CQTOLU5S.js[39m  [2m | [22m[2mmaster-product-form-component[22m[2m | [22m[36m14.91 kB[39m[2m | [22m
[32mchunk-JCG4TM66.js[39m  [2m | [22m[2mcatalog-routes[22m               [2m | [22m [36m2.04 kB[39m[2m | [22m

Application bundle generation complete. [4.339 seconds]

Page reload sent to client(s).
[33m>[39m Changes detected. Rebuilding...
[32m√[39m Changes detected. Rebuilding...
[1mInitial chunk files[22m[2m | [22m[1mNames[22m                        [2m | [22m[1mRaw size[22m
[32mmain.js[39m            [2m | [22m[2mmain[22m                         [2m | [22m[36m71.41 kB[39m[2m | [22m

[1mLazy chunk files[22m   [2m | [22m[1mNames[22m                        [2m | [22m[1mRaw size[22m
[32mchunk-2W3DFKU4.js[39m  [2m | [22m[2mmaster-product-form-component[22m[2m | [22m[36m63.97 kB[39m[2m | [22m
[32mchunk-YY4UO53X.js[39m  [2m | [22m[2mcatalog-routes[22m               [2m | [22m [36m2.04 kB[39m[2m | [22m

Application bundle generation complete. [3.510 seconds]

Page reload sent to client(s).
[33m>[39m Changes detected. Rebuilding...
[32m√[39m Changes detected. Rebuilding...
[1mInitial chunk files[22m[2m | [22m[1mNames[22m                        [2m | [22m[1mRaw size[22m
[32mmain.js[39m            [2m | [22m[2mmain[22m                         [2m | [22m[36m71.41 kB[39m[2m | [22m

[1mLazy chunk files[22m   [2m | [22m[1mNames[22m                        [2m | [22m[1mRaw size[22m
[32mchunk-4SHK634F.js[39m  [2m | [22m[2mmaster-product-form-component[22m[2m | [22m[36m62.36 kB[39m[2m | [22m
[32mchunk-FIBWUJIS.js[39m  [2m | [22m[2mcatalog-routes[22m               [2m | [22m [36m2.04 kB[39m[2m | [22m

Application bundle generation complete. [3.108 seconds]

Page reload sent to client(s).
[33m>[39m Changes detected. Rebuilding...
[32m√[39m Changes detected. Rebuilding...
[1mInitial chunk files[22m[2m | [22m[1mNames[22m                        [2m | [22m[1mRaw size[22m
[32mmain.js[39m            [2m | [22m[2mmain[22m                         [2m | [22m[36m71.41 kB[39m[2m | [22m

[1mLazy chunk files[22m   [2m | [22m[1mNames[22m                        [2m | [22m[1mRaw size[22m
[32mchunk-P3WOS3XF.js[39m  [2m | [22m[2mmaster-product-form-component[22m[2m | [22m[36m62.21 kB[39m[2m | [22m
[32mchunk-AFJJRJ5B.js[39m  [2m | [22m[2mcatalog-routes[22m               [2m | [22m [36m2.04 kB[39m[2m | [22m

Application bundle generation complete. [3.294 seconds]

Page reload sent to client(s).
[33m>[39m Changes detected. Rebuilding...
[32m√[39m Changes detected. Rebuilding...
[1mInitial chunk files[22m[2m | [22m[1mNames[22m                        [2m | [22m[1mRaw size[22m
[32mmain.js[39m            [2m | [22m[2mmain[22m                         [2m | [22m[36m71.41 kB[39m[2m | [22m

[1mLazy chunk files[22m   [2m | [22m[1mNames[22m                        [2m | [22m[1mRaw size[22m
[32mchunk-CQTOLU5S.js[39m  [2m | [22m[2mmaster-product-form-component[22m[2m | [22m[36m14.91 kB[39m[2m | [22m
[32mchunk-JCG4TM66.js[39m  [2m | [22m[2mcatalog-routes[22m               [2m | [22m [36m2.04 kB[39m[2m | [22m

Application bundle generation complete. [3.055 seconds]

Page reload sent to client(s).
[33m>[39m Changes detected. Rebuilding...
[32m√[39m Changes detected. Rebuilding...
[1mInitial chunk files[22m[2m | [22m[1mNames[22m                        [2m | [22m[1mRaw size[22m
[32mmain.js[39m            [2m | [22m[2mmain[22m                         [2m | [22m[36m71.41 kB[39m[2m | [22m

[1mLazy chunk files[22m   [2m | [22m[1mNames[22m                        [2m | [22m[1mRaw size[22m
[32mchunk-V5PP47DV.js[39m  [2m | [22m[2mmaster-product-form-component[22m[2m | [22m[36m68.55 kB[39m[2m | [22m
[32mchunk-S5HNGA2B.js[39m  [2m | [22m[2mcatalog-routes[22m               [2m | [22m [36m2.04 kB[39m[2m | [22m

Application bundle generation complete. [5.828 seconds]

Page reload sent to client(s).
[33m>[39m Changes detected. Rebuilding...
[32m√[39m Changes detected. Rebuilding...
Application bundle generation failed. [5.714 seconds]

[33m>[39m Changes detected. Rebuilding...
[32m√[39m Changes detected. Rebuilding...
[1mInitial chunk files[22m[2m | [22m[1mNames[22m                              [2m | [22m [1mRaw size[22m
[32mstyles.css[39m         [2m | [22m[2mstyles[22m                             [2m | [22m[36m301.24 kB[39m[2m | [22m
[32mpolyfills.js[39m       [2m | [22m[2mpolyfills[22m                          [2m | [22m [36m90.20 kB[39m[2m | [22m
[32mmain.js[39m            [2m | [22m[2mmain[22m                               [2m | [22m [36m71.41 kB[39m[2m | [22m
[32mchunk-RHZBUB7Q.js[39m  [2m | [22m[2m-[22m                                  [2m | [22m  [36m7.42 kB[39m[2m | [22m
[32mchunk-LTV7NNQO.js[39m  [2m | [22m[2m-[22m                                  [2m | [22m  [36m5.29 kB[39m[2m | [22m
[32mchunk-WDMUDEB6.js[39m  [2m | [22m[2m-[22m                                  [2m | [22m  [36m1.93 kB[39m[2m | [22m
[32mchunk-ZWUJSGC3.js[39m  [2m | [22m[2m-[22m                                  [2m | [22m  [36m1.91 kB[39m[2m | [22m
[32mchunk-FMKMVIXV.js[39m  [2m | [22m[2m-[22m                                  [2m | [22m  [36m1.87 kB[39m[2m | [22m
[32mchunk-AZICPPH2.js[39m  [2m | [22m[2m-[22m                                  [2m | [22m  [36m1.59 kB[39m[2m | [22m
[32mchunk-MYUS6GBI.js[39m  [2m | [22m[2m-[22m                                  [2m | [22m[36m219 bytes[39m[2m | [22m

[1m [22m                  [2m | [22m[1mInitial total[22m                      [2m | [22m[1m483.08 kB[22m

[1mLazy chunk files[22m   [2m | [22m[1mNames[22m                              [2m | [22m [1mRaw size[22m
[32mchunk-CGXKMQB5.js[39m  [2m | [22m[2morders-routes[22m                      [2m | [22m[36m340.74 kB[39m[2m | [22m
[32mchunk-S7IPKBLF.js[39m  [2m | [22m[2mdriver-detail-component[22m            [2m | [22m[36m331.65 kB[39m[2m | [22m
[32mchunk-I67FBPJC.js[39m  [2m | [22m[2mdisputes-dashboard-component[22m       [2m | [22m[36m326.53 kB[39m[2m | [22m
[32mchunk-HY6BRWNT.js[39m  [2m | [22m[2mdashboard-component[22m                [2m | [22m[36m191.75 kB[39m[2m | [22m
[32mchunk-3C4JGCZB.js[39m  [2m | [22m[2mvendor-detail-component[22m            [2m | [22m[36m179.46 kB[39m[2m | [22m
[32mchunk-5344YQGQ.js[39m  [2m | [22m[2mvendor-finance-component[22m           [2m | [22m[36m177.75 kB[39m[2m | [22m
[32mchunk-WDCJD27N.js[39m  [2m | [22m[2memail-center-component[22m             [2m | [22m[36m125.64 kB[39m[2m | [22m
[32mchunk-FUNNDOEO.js[39m  [2m | [22m[2mvendors-list-component[22m             [2m | [22m[36m107.33 kB[39m[2m | [22m
[32mchunk-HBYQJTRY.js[39m  [2m | [22m[2mvendor-compliance-component[22m        [2m | [22m[36m106.83 kB[39m[2m | [22m
[32mchunk-VJUNGRER.js[39m  [2m | [22m[2mcustomer-detail-component[22m          [2m | [22m [36m92.37 kB[39m[2m | [22m
[32mchunk-HF43DYIL.js[39m  [2m | [22m[2madmin-user-detail-component[22m        [2m | [22m [36m88.26 kB[39m[2m | [22m
[32mchunk-ZZKSDO4D.js[39m  [2m | [22m[2m-[22m                                  [2m | [22m [36m85.10 kB[39m[2m | [22m
[32mchunk-2PVMVVRZ.js[39m  [2m | [22m[2mbulk-master-products-page-component[22m[2m | [22m [36m78.22 kB[39m[2m | [22m
[32mchunk-C6KGCWBA.js[39m  [2m | [22m[2mcategory-details-component[22m         [2m | [22m [36m74.31 kB[39m[2m | [22m
[32mchunk-P2R3VIM7.js[39m  [2m | [22m[2mvendor-overview-component[22m          [2m | [22m [36m71.59 kB[39m[2m | [22m
[2m...and 87 more lazy chunks files. Use "--verbose" to show all the files.[22m

Application bundle generation complete. [4.120 seconds]

Page reload sent to client(s).
[33m>[39m Changes detected. Rebuilding...
[32m√[39m Changes detected. Rebuilding...
[1mInitial chunk files[22m[2m | [22m[1mNames[22m                        [2m | [22m[1mRaw size[22m
[32mmain.js[39m            [2m | [22m[2mmain[22m                         [2m | [22m[36m71.41 kB[39m[2m | [22m

[1mLazy chunk files[22m   [2m | [22m[1mNames[22m                        [2m | [22m[1mRaw size[22m
[32mchunk-CQTOLU5S.js[39m  [2m | [22m[2mmaster-product-form-component[22m[2m | [22m[36m14.91 kB[39m[2m | [22m
[32mchunk-JCG4TM66.js[39m  [2m | [22m[2mcatalog-routes[22m               [2m | [22m [36m2.04 kB[39m[2m | [22m

Application bundle generation complete. [2.992 seconds]

Page reload sent to client(s).
[33m>[39m Changes detected. Rebuilding...
[32m√[39m Changes detected. Rebuilding...
[1mInitial chunk files[22m[2m | [22m[1mNames[22m                        [2m | [22m[1mRaw size[22m
[32mmain.js[39m            [2m | [22m[2mmain[22m                         [2m | [22m[36m71.41 kB[39m[2m | [22m

[1mLazy chunk files[22m   [2m | [22m[1mNames[22m                        [2m | [22m[1mRaw size[22m
[32mchunk-AGY2WTEH.js[39m  [2m | [22m[2mmaster-product-form-component[22m[2m | [22m[36m59.63 kB[39m[2m | [22m
[32mchunk-JGUYXLX7.js[39m  [2m | [22m[2mcatalog-routes[22m               [2m | [22m [36m2.04 kB[39m[2m | [22m

Application bundle generation complete. [2.683 seconds]

Page reload sent to client(s).
[33m>[39m Changes detected. Rebuilding...
[32m√[39m Changes detected. Rebuilding...
Application bundle generation failed. [3.521 seconds]

[33m>[39m Changes detected. Rebuilding...
[32m√[39m Changes detected. Rebuilding...
[1mInitial chunk files[22m[2m | [22m[1mNames[22m                              [2m | [22m [1mRaw size[22m
[32mstyles.css[39m         [2m | [22m[2mstyles[22m                             [2m | [22m[36m301.24 kB[39m[2m | [22m
[32mpolyfills.js[39m       [2m | [22m[2mpolyfills[22m                          [2m | [22m [36m90.20 kB[39m[2m | [22m
[32mmain.js[39m            [2m | [22m[2mmain[22m                               [2m | [22m [36m71.41 kB[39m[2m | [22m
[32mchunk-RHZBUB7Q.js[39m  [2m | [22m[2m-[22m                                  [2m | [22m  [36m7.42 kB[39m[2m | [22m
[32mchunk-LTV7NNQO.js[39m  [2m | [22m[2m-[22m                                  [2m | [22m  [36m5.29 kB[39m[2m | [22m
[32mchunk-WDMUDEB6.js[39m  [2m | [22m[2m-[22m                                  [2m | [22m  [36m1.93 kB[39m[2m | [22m
[32mchunk-ZWUJSGC3.js[39m  [2m | [22m[2m-[22m                                  [2m | [22m  [36m1.91 kB[39m[2m | [22m
[32mchunk-FMKMVIXV.js[39m  [2m | [22m[2m-[22m                                  [2m | [22m  [36m1.87 kB[39m[2m | [22m
[32mchunk-AZICPPH2.js[39m  [2m | [22m[2m-[22m                                  [2m | [22m  [36m1.59 kB[39m[2m | [22m
[32mchunk-MYUS6GBI.js[39m  [2m | [22m[2m-[22m                                  [2m | [22m[36m219 bytes[39m[2m | [22m

[1m [22m                  [2m | [22m[1mInitial total[22m                      [2m | [22m[1m483.08 kB[22m

[1mLazy chunk files[22m   [2m | [22m[1mNames[22m                              [2m | [22m [1mRaw size[22m
[32mchunk-CGXKMQB5.js[39m  [2m | [22m[2morders-routes[22m                      [2m | [22m[36m340.74 kB[39m[2m | [22m
[32mchunk-S7IPKBLF.js[39m  [2m | [22m[2mdriver-detail-component[22m            [2m | [22m[36m331.65 kB[39m[2m | [22m
[32mchunk-I67FBPJC.js[39m  [2m | [22m[2mdisputes-dashboard-component[22m       [2m | [22m[36m326.53 kB[39m[2m | [22m
[32mchunk-HY6BRWNT.js[39m  [2m | [22m[2mdashboard-component[22m                [2m | [22m[36m191.75 kB[39m[2m | [22m
[32mchunk-3C4JGCZB.js[39m  [2m | [22m[2mvendor-detail-component[22m            [2m | [22m[36m179.46 kB[39m[2m | [22m
[32mchunk-5344YQGQ.js[39m  [2m | [22m[2mvendor-finance-component[22m           [2m | [22m[36m177.75 kB[39m[2m | [22m
[32mchunk-WDCJD27N.js[39m  [2m | [22m[2memail-center-component[22m             [2m | [22m[36m125.64 kB[39m[2m | [22m
[32mchunk-FUNNDOEO.js[39m  [2m | [22m[2mvendors-list-component[22m             [2m | [22m[36m107.33 kB[39m[2m | [22m
[32mchunk-HBYQJTRY.js[39m  [2m | [22m[2mvendor-compliance-component[22m        [2m | [22m[36m106.83 kB[39m[2m | [22m
[32mchunk-VJUNGRER.js[39m  [2m | [22m[2mcustomer-detail-component[22m          [2m | [22m [36m92.37 kB[39m[2m | [22m
[32mchunk-HF43DYIL.js[39m  [2m | [22m[2madmin-user-detail-component[22m        [2m | [22m [36m88.26 kB[39m[2m | [22m
[32mchunk-ZZKSDO4D.js[39m  [2m | [22m[2m-[22m                                  [2m | [22m [36m85.10 kB[39m[2m | [22m
[32mchunk-2PVMVVRZ.js[39m  [2m | [22m[2mbulk-master-products-page-component[22m[2m | [22m [36m78.22 kB[39m[2m | [22m
[32mchunk-C6KGCWBA.js[39m  [2m | [22m[2mcategory-details-component[22m         [2m | [22m [36m74.31 kB[39m[2m | [22m
[32mchunk-P2R3VIM7.js[39m  [2m | [22m[2mvendor-overview-component[22m          [2m | [22m [36m71.59 kB[39m[2m | [22m
[2m...and 87 more lazy chunks files. Use "--verbose" to show all the files.[22m

Application bundle generation complete. [2.973 seconds]

Page reload sent to client(s).
[33m>[39m Changes detected. Rebuilding...
[32m√[39m Changes detected. Rebuilding...
Application bundle generation failed. [1.549 seconds]

[33m>[39m Changes detected. Rebuilding...
[32m√[39m Changes detected. Rebuilding...
[1mInitial chunk files[22m[2m | [22m[1mNames[22m                              [2m | [22m [1mRaw size[22m
[32mstyles.css[39m         [2m | [22m[2mstyles[22m                             [2m | [22m[36m301.24 kB[39m[2m | [22m
[32mpolyfills.js[39m       [2m | [22m[2mpolyfills[22m                          [2m | [22m [36m90.20 kB[39m[2m | [22m
[32mmain.js[39m            [2m | [22m[2mmain[22m                               [2m | [22m [36m71.41 kB[39m[2m | [22m
[32mchunk-RHZBUB7Q.js[39m  [2m | [22m[2m-[22m                                  [2m | [22m  [36m7.42 kB[39m[2m | [22m
[32mchunk-LTV7NNQO.js[39m  [2m | [22m[2m-[22m                                  [2m | [22m  [36m5.29 kB[39m[2m | [22m
[32mchunk-WDMUDEB6.js[39m  [2m | [22m[2m-[22m                                  [2m | [22m  [36m1.93 kB[39m[2m | [22m
[32mchunk-ZWUJSGC3.js[39m  [2m | [22m[2m-[22m                                  [2m | [22m  [36m1.91 kB[39m[2m | [22m
[32mchunk-FMKMVIXV.js[39m  [2m | [22m[2m-[22m                                  [2m | [22m  [36m1.87 kB[39m[2m | [22m
[32mchunk-AZICPPH2.js[39m  [2m | [22m[2m-[22m                                  [2m | [22m  [36m1.59 kB[39m[2m | [22m
[32mchunk-MYUS6GBI.js[39m  [2m | [22m[2m-[22m                                  [2m | [22m[36m219 bytes[39m[2m | [22m

[1m [22m                  [2m | [22m[1mInitial total[22m                      [2m | [22m[1m483.08 kB[22m

[1mLazy chunk files[22m   [2m | [22m[1mNames[22m                              [2m | [22m [1mRaw size[22m
[32mchunk-CGXKMQB5.js[39m  [2m | [22m[2morders-routes[22m                      [2m | [22m[36m340.74 kB[39m[2m | [22m
[32mchunk-S7IPKBLF.js[39m  [2m | [22m[2mdriver-detail-component[22m            [2m | [22m[36m331.65 kB[39m[2m | [22m
[32mchunk-I67FBPJC.js[39m  [2m | [22m[2mdisputes-dashboard-component[22m       [2m | [22m[36m326.53 kB[39m[2m | [22m
[32mchunk-HY6BRWNT.js[39m  [2m | [22m[2mdashboard-component[22m                [2m | [22m[36m191.75 kB[39m[2m | [22m
[32mchunk-3C4JGCZB.js[39m  [2m | [22m[2mvendor-detail-component[22m            [2m | [22m[36m179.46 kB[39m[2m | [22m
[32mchunk-5344YQGQ.js[39m  [2m | [22m[2mvendor-finance-component[22m           [2m | [22m[36m177.75 kB[39m[2m | [22m
[32mchunk-WDCJD27N.js[39m  [2m | [22m[2memail-center-component[22m             [2m | [22m[36m125.64 kB[39m[2m | [22m
[32mchunk-FUNNDOEO.js[39m  [2m | [22m[2mvendors-list-component[22m             [2m | [22m[36m107.33 kB[39m[2m | [22m
[32mchunk-HBYQJTRY.js[39m  [2m | [22m[2mvendor-compliance-component[22m        [2m | [22m[36m106.83 kB[39m[2m | [22m
[32mchunk-VJUNGRER.js[39m  [2m | [22m[2mcustomer-detail-component[22m          [2m | [22m [36m92.37 kB[39m[2m | [22m
[32mchunk-HF43DYIL.js[39m  [2m | [22m[2madmin-user-detail-component[22m        [2m | [22m [36m88.26 kB[39m[2m | [22m
[32mchunk-ZZKSDO4D.js[39m  [2m | [22m[2m-[22m                                  [2m | [22m [36m85.10 kB[39m[2m | [22m
[32mchunk-2PVMVVRZ.js[39m  [2m | [22m[2mbulk-master-products-page-component[22m[2m | [22m [36m78.22 kB[39m[2m | [22m
[32mchunk-C6KGCWBA.js[39m  [2m | [22m[2mcategory-details-component[22m         [2m | [22m [36m74.31 kB[39m[2m | [22m
[32mchunk-P2R3VIM7.js[39m  [2m | [22m[2mvendor-overview-component[22m          [2m | [22m [36m71.59 kB[39m[2m | [22m
[2m...and 87 more lazy chunks files. Use "--verbose" to show all the files.[22m

Application bundle generation complete. [4.207 seconds]

Page reload sent to client(s).
[33m>[39m Changes detected. Rebuilding...
[32m√[39m Changes detected. Rebuilding...
Application bundle generation failed. [2.154 seconds]

[33m>[39m Changes detected. Rebuilding...
[32m√[39m Changes detected. Rebuilding...
[1mInitial chunk files[22m[2m | [22m[1mNames[22m                              [2m | [22m [1mRaw size[22m
[32mstyles.css[39m         [2m | [22m[2mstyles[22m                             [2m | [22m[36m301.24 kB[39m[2m | [22m
[32mpolyfills.js[39m       [2m | [22m[2mpolyfills[22m                          [2m | [22m [36m90.20 kB[39m[2m | [22m
[32mmain.js[39m            [2m | [22m[2mmain[22m                               [2m | [22m [36m71.41 kB[39m[2m | [22m
[32mchunk-RHZBUB7Q.js[39m  [2m | [22m[2m-[22m                                  [2m | [22m  [36m7.42 kB[39m[2m | [22m
[32mchunk-LTV7NNQO.js[39m  [2m | [22m[2m-[22m                                  [2m | [22m  [36m5.29 kB[39m[2m | [22m
[32mchunk-WDMUDEB6.js[39m  [2m | [22m[2m-[22m                                  [2m | [22m  [36m1.93 kB[39m[2m | [22m
[32mchunk-ZWUJSGC3.js[39m  [2m | [22m[2m-[22m                                  [2m | [22m  [36m1.91 kB[39m[2m | [22m
[32mchunk-FMKMVIXV.js[39m  [2m | [22m[2m-[22m                                  [2m | [22m  [36m1.87 kB[39m[2m | [22m
[32mchunk-AZICPPH2.js[39m  [2m | [22m[2m-[22m                                  [2m | [22m  [36m1.59 kB[39m[2m | [22m
[32mchunk-MYUS6GBI.js[39m  [2m | [22m[2m-[22m                                  [2m | [22m[36m219 bytes[39m[2m | [22m

[1m [22m                  [2m | [22m[1mInitial total[22m                      [2m | [22m[1m483.08 kB[22m

[1mLazy chunk files[22m   [2m | [22m[1mNames[22m                              [2m | [22m [1mRaw size[22m
[32mchunk-CGXKMQB5.js[39m  [2m | [22m[2morders-routes[22m                      [2m | [22m[36m340.74 kB[39m[2m | [22m
[32mchunk-S7IPKBLF.js[39m  [2m | [22m[2mdriver-detail-component[22m            [2m | [22m[36m331.65 kB[39m[2m | [22m
[32mchunk-I67FBPJC.js[39m  [2m | [22m[2mdisputes-dashboard-component[22m       [2m | [22m[36m326.53 kB[39m[2m | [22m
[32mchunk-HY6BRWNT.js[39m  [2m | [22m[2mdashboard-component[22m                [2m | [22m[36m191.75 kB[39m[2m | [22m
[32mchunk-3C4JGCZB.js[39m  [2m | [22m[2mvendor-detail-component[22m            [2m | [22m[36m179.46 kB[39m[2m | [22m
[32mchunk-5344YQGQ.js[39m  [2m | [22m[2mvendor-finance-component[22m           [2m | [22m[36m177.75 kB[39m[2m | [22m
[32mchunk-WDCJD27N.js[39m  [2m | [22m[2memail-center-component[22m             [2m | [22m[36m125.64 kB[39m[2m | [22m
[32mchunk-FUNNDOEO.js[39m  [2m | [22m[2mvendors-list-component[22m             [2m | [22m[36m107.33 kB[39m[2m | [22m
[32mchunk-HBYQJTRY.js[39m  [2m | [22m[2mvendor-compliance-component[22m        [2m | [22m[36m106.83 kB[39m[2m | [22m
[32mchunk-VJUNGRER.js[39m  [2m | [22m[2mcustomer-detail-component[22m          [2m | [22m [36m92.37 kB[39m[2m | [22m
[32mchunk-HF43DYIL.js[39m  [2m | [22m[2madmin-user-detail-component[22m        [2m | [22m [36m88.26 kB[39m[2m | [22m
[32mchunk-ZZKSDO4D.js[39m  [2m | [22m[2m-[22m                                  [2m | [22m [36m85.10 kB[39m[2m | [22m
[32mchunk-2PVMVVRZ.js[39m  [2m | [22m[2mbulk-master-products-page-component[22m[2m | [22m [36m78.22 kB[39m[2m | [22m
[32mchunk-C6KGCWBA.js[39m  [2m | [22m[2mcategory-details-component[22m         [2m | [22m [36m74.31 kB[39m[2m | [22m
[32mchunk-P2R3VIM7.js[39m  [2m | [22m[2mvendor-overview-component[22m          [2m | [22m [36m71.59 kB[39m[2m | [22m
[2m...and 87 more lazy chunks files. Use "--verbose" to show all the files.[22m

Application bundle generation complete. [4.055 seconds]

Page reload sent to client(s).
[33m>[39m Changes detected. Rebuilding...
[32m√[39m Changes detected. Rebuilding...
[1mInitial chunk files[22m[2m | [22m[1mNames[22m                        [2m | [22m[1mRaw size[22m
[32mmain.js[39m            [2m | [22m[2mmain[22m                         [2m | [22m[36m71.41 kB[39m[2m | [22m

[1mLazy chunk files[22m   [2m | [22m[1mNames[22m                        [2m | [22m[1mRaw size[22m
[32mchunk-6WKN73OQ.js[39m  [2m | [22m[2mmaster-product-form-component[22m[2m | [22m[36m62.16 kB[39m[2m | [22m
[32mchunk-PDLVDDAF.js[39m  [2m | [22m[2mcatalog-routes[22m               [2m | [22m [36m2.04 kB[39m[2m | [22m

Application bundle generation complete. [2.605 seconds]

Page reload sent to client(s).
[33m>[39m Changes detected. Rebuilding...
[32m√[39m Changes detected. Rebuilding...
Application bundle generation failed. [2.503 seconds]

[33m>[39m Changes detected. Rebuilding...
[32m√[39m Changes detected. Rebuilding...
[1mInitial chunk files[22m[2m | [22m[1mNames[22m                              [2m | [22m [1mRaw size[22m
[32mstyles.css[39m         [2m | [22m[2mstyles[22m                             [2m | [22m[36m301.24 kB[39m[2m | [22m
[32mpolyfills.js[39m       [2m | [22m[2mpolyfills[22m                          [2m | [22m [36m90.20 kB[39m[2m | [22m
[32mmain.js[39m            [2m | [22m[2mmain[22m                               [2m | [22m [36m71.41 kB[39m[2m | [22m
[32mchunk-RHZBUB7Q.js[39m  [2m | [22m[2m-[22m                                  [2m | [22m  [36m7.42 kB[39m[2m | [22m
[32mchunk-LTV7NNQO.js[39m  [2m | [22m[2m-[22m                                  [2m | [22m  [36m5.29 kB[39m[2m | [22m
[32mchunk-WDMUDEB6.js[39m  [2m | [22m[2m-[22m                                  [2m | [22m  [36m1.93 kB[39m[2m | [22m
[32mchunk-ZWUJSGC3.js[39m  [2m | [22m[2m-[22m                                  [2m | [22m  [36m1.91 kB[39m[2m | [22m
[32mchunk-FMKMVIXV.js[39m  [2m | [22m[2m-[22m                                  [2m | [22m  [36m1.87 kB[39m[2m | [22m
[32mchunk-AZICPPH2.js[39m  [2m | [22m[2m-[22m                                  [2m | [22m  [36m1.59 kB[39m[2m | [22m
[32mchunk-MYUS6GBI.js[39m  [2m | [22m[2m-[22m                                  [2m | [22m[36m219 bytes[39m[2m | [22m

[1m [22m                  [2m | [22m[1mInitial total[22m                      [2m | [22m[1m483.08 kB[22m

[1mLazy chunk files[22m   [2m | [22m[1mNames[22m                              [2m | [22m [1mRaw size[22m
[32mchunk-CGXKMQB5.js[39m  [2m | [22m[2morders-routes[22m                      [2m | [22m[36m340.74 kB[39m[2m | [22m
[32mchunk-S7IPKBLF.js[39m  [2m | [22m[2mdriver-detail-component[22m            [2m | [22m[36m331.65 kB[39m[2m | [22m
[32mchunk-I67FBPJC.js[39m  [2m | [22m[2mdisputes-dashboard-component[22m       [2m | [22m[36m326.53 kB[39m[2m | [22m
[32mchunk-HY6BRWNT.js[39m  [2m | [22m[2mdashboard-component[22m                [2m | [22m[36m191.75 kB[39m[2m | [22m
[32mchunk-3C4JGCZB.js[39m  [2m | [22m[2mvendor-detail-component[22m            [2m | [22m[36m179.46 kB[39m[2m | [22m
[32mchunk-5344YQGQ.js[39m  [2m | [22m[2mvendor-finance-component[22m           [2m | [22m[36m177.75 kB[39m[2m | [22m
[32mchunk-WDCJD27N.js[39m  [2m | [22m[2memail-center-component[22m             [2m | [22m[36m125.64 kB[39m[2m | [22m
[32mchunk-FUNNDOEO.js[39m  [2m | [22m[2mvendors-list-component[22m             [2m | [22m[36m107.33 kB[39m[2m | [22m
[32mchunk-HBYQJTRY.js[39m  [2m | [22m[2mvendor-compliance-component[22m        [2m | [22m[36m106.83 kB[39m[2m | [22m
[32mchunk-VJUNGRER.js[39m  [2m | [22m[2mcustomer-detail-component[22m          [2m | [22m [36m92.37 kB[39m[2m | [22m
[32mchunk-HF43DYIL.js[39m  [2m | [22m[2madmin-user-detail-component[22m        [2m | [22m [36m88.26 kB[39m[2m | [22m
[32mchunk-ZZKSDO4D.js[39m  [2m | [22m[2m-[22m                                  [2m | [22m [36m85.10 kB[39m[2m | [22m
[32mchunk-2PVMVVRZ.js[39m  [2m | [22m[2mbulk-master-products-page-component[22m[2m | [22m [36m78.22 kB[39m[2m | [22m
[32mchunk-C6KGCWBA.js[39m  [2m | [22m[2mcategory-details-component[22m         [2m | [22m [36m74.31 kB[39m[2m | [22m
[32mchunk-P2R3VIM7.js[39m  [2m | [22m[2mvendor-overview-component[22m          [2m | [22m [36m71.59 kB[39m[2m | [22m
[2m...and 87 more lazy chunks files. Use "--verbose" to show all the files.[22m

Application bundle generation complete. [3.090 seconds]

Page reload sent to client(s).
[33m>[39m Changes detected. Rebuilding...
[32m√[39m Changes detected. Rebuilding...
[1mInitial chunk files[22m[2m | [22m[1mNames[22m                        [2m | [22m[1mRaw size[22m
[32mmain.js[39m            [2m | [22m[2mmain[22m                         [2m | [22m[36m71.41 kB[39m[2m | [22m

[1mLazy chunk files[22m   [2m | [22m[1mNames[22m                        [2m | [22m[1mRaw size[22m
[32mchunk-P36CVUHS.js[39m  [2m | [22m[2mmaster-product-form-component[22m[2m | [22m[36m63.14 kB[39m[2m | [22m
[32mchunk-KPIGOQVL.js[39m  [2m | [22m[2mcatalog-routes[22m               [2m | [22m [36m2.04 kB[39m[2m | [22m

Application bundle generation complete. [3.080 seconds]

Page reload sent to client(s).
[33m>[39m Changes detected. Rebuilding...
[32m√[39m Changes detected. Rebuilding...
[1mInitial chunk files[22m[2m | [22m[1mNames[22m                        [2m | [22m[1mRaw size[22m
[32mmain.js[39m            [2m | [22m[2mmain[22m                         [2m | [22m[36m71.41 kB[39m[2m | [22m

[1mLazy chunk files[22m   [2m | [22m[1mNames[22m                        [2m | [22m[1mRaw size[22m
[32mchunk-RTOWYDCO.js[39m  [2m | [22m[2mmaster-product-form-component[22m[2m | [22m[36m62.50 kB[39m[2m | [22m
[32mchunk-4UXPEEAZ.js[39m  [2m | [22m[2mcatalog-routes[22m               [2m | [22m [36m2.04 kB[39m[2m | [22m

Application bundle generation complete. [2.605 seconds]

Page reload sent to client(s).
[33m>[39m Changes detected. Rebuilding...
[32m√[39m Changes detected. Rebuilding...
[1mInitial chunk files[22m[2m | [22m[1mNames[22m                        [2m | [22m[1mRaw size[22m
[32mmain.js[39m            [2m | [22m[2mmain[22m                         [2m | [22m[36m71.41 kB[39m[2m | [22m

[1mLazy chunk files[22m   [2m | [22m[1mNames[22m                        [2m | [22m[1mRaw size[22m
[32mchunk-S4ZWYJNL.js[39m  [2m | [22m[2mmaster-product-form-component[22m[2m | [22m[36m69.59 kB[39m[2m | [22m
[32mchunk-6QVDFS3P.js[39m  [2m | [22m[2mcatalog-routes[22m               [2m | [22m [36m2.04 kB[39m[2m | [22m

Application bundle generation complete. [6.855 seconds]

Page reload sent to client(s).
[33m>[39m Changes detected. Rebuilding...
[32m√[39m Changes detected. Rebuilding...
[1mInitial chunk files[22m[2m | [22m[1mNames[22m                        [2m | [22m[1mRaw size[22m
[32mmain.js[39m            [2m | [22m[2mmain[22m                         [2m | [22m[36m71.41 kB[39m[2m | [22m

[1mLazy chunk files[22m   [2m | [22m[1mNames[22m                        [2m | [22m[1mRaw size[22m
[32mchunk-P36CVUHS.js[39m  [2m | [22m[2mmaster-product-form-component[22m[2m | [22m[36m63.14 kB[39m[2m | [22m
[32mchunk-KPIGOQVL.js[39m  [2m | [22m[2mcatalog-routes[22m               [2m | [22m [36m2.04 kB[39m[2m | [22m

Application bundle generation complete. [4.970 seconds]

Page reload sent to client(s).
[33m>[39m Changes detected. Rebuilding...
[32m√[39m Changes detected. Rebuilding...
[1mInitial chunk files[22m[2m | [22m[1mNames[22m                        [2m | [22m[1mRaw size[22m
[32mmain.js[39m            [2m | [22m[2mmain[22m                         [2m | [22m[36m71.41 kB[39m[2m | [22m

[1mLazy chunk files[22m   [2m | [22m[1mNames[22m                        [2m | [22m[1mRaw size[22m
[32mchunk-H4ALFR4J.js[39m  [2m | [22m[2mmaster-product-form-component[22m[2m | [22m[36m62.15 kB[39m[2m | [22m
[32mchunk-FLOJ7IID.js[39m  [2m | [22m[2mcatalog-routes[22m               [2m | [22m [36m2.04 kB[39m[2m | [22m

Application bundle generation complete. [3.224 seconds]

Page reload sent to client(s).
[33m>[39m Changes detected. Rebuilding...
[32m√[39m Changes detected. Rebuilding...
[1mInitial chunk files[22m[2m | [22m[1mNames[22m                        [2m | [22m[1mRaw size[22m
[32mmain.js[39m            [2m | [22m[2mmain[22m                         [2m | [22m[36m71.41 kB[39m[2m | [22m

[1mLazy chunk files[22m   [2m | [22m[1mNames[22m                        [2m | [22m[1mRaw size[22m
[32mchunk-UEBHNW65.js[39m  [2m | [22m[2mmaster-product-form-component[22m[2m | [22m[36m62.02 kB[39m[2m | [22m
[32mchunk-GY3AXIIL.js[39m  [2m | [22m[2mcatalog-routes[22m               [2m | [22m [36m2.04 kB[39m[2m | [22m

Application bundle generation complete. [3.791 seconds]

Page reload sent to client(s).
[33m>[39m Changes detected. Rebuilding...
[32m√[39m Changes detected. Rebuilding...
[1mInitial chunk files[22m[2m | [22m[1mNames[22m                        [2m | [22m[1mRaw size[22m
[32mmain.js[39m            [2m | [22m[2mmain[22m                         [2m | [22m[36m71.41 kB[39m[2m | [22m

[1mLazy chunk files[22m   [2m | [22m[1mNames[22m                        [2m | [22m[1mRaw size[22m
[32mchunk-VCJTLKQR.js[39m  [2m | [22m[2mmaster-product-form-component[22m[2m | [22m[36m61.68 kB[39m[2m | [22m
[32mchunk-QV7YQG7R.js[39m  [2m | [22m[2mcatalog-routes[22m               [2m | [22m [36m2.04 kB[39m[2m | [22m

Application bundle generation complete. [3.120 seconds]

Page reload sent to client(s).
[33m>[39m Changes detected. Rebuilding...
[32m√[39m Changes detected. Rebuilding...
[1mInitial chunk files[22m[2m | [22m[1mNames[22m                        [2m | [22m[1mRaw size[22m
[32mmain.js[39m            [2m | [22m[2mmain[22m                         [2m | [22m[36m71.41 kB[39m[2m | [22m

[1mLazy chunk files[22m   [2m | [22m[1mNames[22m                        [2m | [22m[1mRaw size[22m
[32mchunk-XXRMBU3E.js[39m  [2m | [22m[2mmaster-product-form-component[22m[2m | [22m[36m61.61 kB[39m[2m | [22m
[32mchunk-4BNPZU53.js[39m  [2m | [22m[2mcatalog-routes[22m               [2m | [22m [36m2.04 kB[39m[2m | [22m

Application bundle generation complete. [3.312 seconds]

Page reload sent to client(s).
[33m>[39m Changes detected. Rebuilding...
[32m√[39m Changes detected. Rebuilding...
[1mInitial chunk files[22m[2m | [22m[1mNames[22m                     [2m | [22m [1mRaw size[22m
[32mstyles.css[39m         [2m | [22m[2mstyles[22m                    [2m | [22m[36m317.28 kB[39m[2m | [22m
[32mmain.js[39m            [2m | [22m[2mmain[22m                      [2m | [22m [36m71.41 kB[39m[2m | [22m

[1mLazy chunk files[22m   [2m | [22m[1mNames[22m                     [2m | [22m [1mRaw size[22m
[32mchunk-ONWLX7OZ.js[39m  [2m | [22m[2mcategory-details-component[22m[2m | [22m [36m74.33 kB[39m[2m | [22m
[32mchunk-KYQKYKKK.js[39m  [2m | [22m[2mcatalog-routes[22m            [2m | [22m  [36m2.04 kB[39m[2m | [22m

Application bundle generation complete. [17.860 seconds]

Page reload sent to client(s).
[33m>[39m Changes detected. Rebuilding...
[32m√[39m Changes detected. Rebuilding...

No output file changes.

Application bundle generation complete. [8.617 seconds]

[33m>[39m Changes detected. Rebuilding...
[32m√[39m Changes detected. Rebuilding...
[1mInitial chunk files[22m[2m | [22m[1mNames[22m                        [2m | [22m[1mRaw size[22m
[32mmain.js[39m            [2m | [22m[2mmain[22m                         [2m | [22m[36m71.41 kB[39m[2m | [22m

[1mLazy chunk files[22m   [2m | [22m[1mNames[22m                        [2m | [22m[1mRaw size[22m
[32mchunk-YBLLWXG7.js[39m  [2m | [22m[2mmaster-product-form-component[22m[2m | [22m[36m60.94 kB[39m[2m | [22m
[32mchunk-OCWADCAF.js[39m  [2m | [22m[2mcatalog-routes[22m               [2m | [22m [36m2.04 kB[39m[2m | [22m

Application bundle generation complete. [4.763 seconds]

Page reload sent to client(s).
[33m>[39m Changes detected. Rebuilding...
[32m√[39m Changes detected. Rebuilding...
[1mInitial chunk files[22m[2m | [22m[1mNames[22m                        [2m | [22m[1mRaw size[22m
[32mmain.js[39m            [2m | [22m[2mmain[22m                         [2m | [22m[36m71.41 kB[39m[2m | [22m

[1mLazy chunk files[22m   [2m | [22m[1mNames[22m                        [2m | [22m[1mRaw size[22m
[32mchunk-V7SI2TRC.js[39m  [2m | [22m[2mmaster-product-form-component[22m[2m | [22m[36m61.62 kB[39m[2m | [22m
[32mchunk-5VVVDJYV.js[39m  [2m | [22m[2mcatalog-routes[22m               [2m | [22m [36m2.04 kB[39m[2m | [22m

Application bundle generation complete. [4.196 seconds]

Page reload sent to client(s).
[33m>[39m Changes detected. Rebuilding...
[32m√[39m Changes detected. Rebuilding...
[1mInitial chunk files[22m[2m | [22m[1mNames[22m                        [2m | [22m [1mRaw size[22m
[32mstyles.css[39m         [2m | [22m[2mstyles[22m                       [2m | [22m[36m318.80 kB[39m[2m | [22m
[32mmain.js[39m            [2m | [22m[2mmain[22m                         [2m | [22m [36m71.41 kB[39m[2m | [22m

[1mLazy chunk files[22m   [2m | [22m[1mNames[22m                        [2m | [22m [1mRaw size[22m
[32mchunk-5BVIRF4B.js[39m  [2m | [22m[2mmaster-product-form-component[22m[2m | [22m [36m61.78 kB[39m[2m | [22m
[32mchunk-6MJOICPR.js[39m  [2m | [22m[2mcatalog-routes[22m               [2m | [22m  [36m2.04 kB[39m[2m | [22m

Application bundle generation complete. [4.167 seconds]

Page reload sent to client(s).
[33m>[39m Changes detected. Rebuilding...
[32m√[39m Changes detected. Rebuilding...
[1mInitial chunk files[22m[2m | [22m[1mNames[22m                        [2m | [22m[1mRaw size[22m
[32mmain.js[39m            [2m | [22m[2mmain[22m                         [2m | [22m[36m71.41 kB[39m[2m | [22m

[1mLazy chunk files[22m   [2m | [22m[1mNames[22m                        [2m | [22m[1mRaw size[22m
[32mchunk-VTV7A6KG.js[39m  [2m | [22m[2mmaster-product-form-component[22m[2m | [22m[36m61.12 kB[39m[2m | [22m
[32mchunk-ELKJIPXP.js[39m  [2m | [22m[2mcatalog-routes[22m               [2m | [22m [36m2.04 kB[39m[2m | [22m

Application bundle generation complete. [4.371 seconds]

Page reload sent to client(s).
[33m>[39m Changes detected. Rebuilding...
[32m√[39m Changes detected. Rebuilding...
[1mInitial chunk files[22m[2m | [22m[1mNames[22m                     [2m | [22m [1mRaw size[22m
[32mstyles.css[39m         [2m | [22m[2mstyles[22m                    [2m | [22m[36m319.58 kB[39m[2m | [22m
[32mmain.js[39m            [2m | [22m[2mmain[22m                      [2m | [22m [36m71.41 kB[39m[2m | [22m

[1mLazy chunk files[22m   [2m | [22m[1mNames[22m                     [2m | [22m [1mRaw size[22m
[32mchunk-EWOHHI5C.js[39m  [2m | [22m[2madmin-users-list-component[22m[2m | [22m [36m32.80 kB[39m[2m | [22m
[32mchunk-6IM73QZB.js[39m  [2m | [22m[2madmin-users-routes[22m        [2m | [22m[36m551 bytes[39m[2m | [22m

Application bundle generation complete. [10.975 seconds]

Page reload sent to client(s).
[33m>[39m Changes detected. Rebuilding...
[32m√[39m Changes detected. Rebuilding...
Application bundle generation failed. [5.164 seconds]

[33m>[39m Changes detected. Rebuilding...
[32m√[39m Changes detected. Rebuilding...
Application bundle generation failed. [4.725 seconds]

[33m>[39m Changes detected. Rebuilding...
[32m√[39m Changes detected. Rebuilding...
Application bundle generation failed. [8.204 seconds]

[33m>[39m Changes detected. Rebuilding...
[32m√[39m Changes detected. Rebuilding...
[1mInitial chunk files[22m[2m | [22m[1mNames[22m                              [2m | [22m [1mRaw size[22m
[32mstyles.css[39m         [2m | [22m[2mstyles[22m                             [2m | [22m[36m319.94 kB[39m[2m | [22m
[32mpolyfills.js[39m       [2m | [22m[2mpolyfills[22m                          [2m | [22m [36m90.20 kB[39m[2m | [22m
[32mmain.js[39m            [2m | [22m[2mmain[22m                               [2m | [22m [36m71.41 kB[39m[2m | [22m
[32mchunk-RHZBUB7Q.js[39m  [2m | [22m[2m-[22m                                  [2m | [22m  [36m7.42 kB[39m[2m | [22m
[32mchunk-LTV7NNQO.js[39m  [2m | [22m[2m-[22m                                  [2m | [22m  [36m5.29 kB[39m[2m | [22m
[32mchunk-WDMUDEB6.js[39m  [2m | [22m[2m-[22m                                  [2m | [22m  [36m1.93 kB[39m[2m | [22m
[32mchunk-ZWUJSGC3.js[39m  [2m | [22m[2m-[22m                                  [2m | [22m  [36m1.91 kB[39m[2m | [22m
[32mchunk-FMKMVIXV.js[39m  [2m | [22m[2m-[22m                                  [2m | [22m  [36m1.87 kB[39m[2m | [22m
[32mchunk-AZICPPH2.js[39m  [2m | [22m[2m-[22m                                  [2m | [22m  [36m1.59 kB[39m[2m | [22m
[32mchunk-MYUS6GBI.js[39m  [2m | [22m[2m-[22m                                  [2m | [22m[36m219 bytes[39m[2m | [22m

[1m [22m                  [2m | [22m[1mInitial total[22m                      [2m | [22m[1m501.79 kB[22m

[1mLazy chunk files[22m   [2m | [22m[1mNames[22m                              [2m | [22m [1mRaw size[22m
[32mchunk-CGXKMQB5.js[39m  [2m | [22m[2morders-routes[22m                      [2m | [22m[36m340.74 kB[39m[2m | [22m
[32mchunk-S7IPKBLF.js[39m  [2m | [22m[2mdriver-detail-component[22m            [2m | [22m[36m331.65 kB[39m[2m | [22m
[32mchunk-I67FBPJC.js[39m  [2m | [22m[2mdisputes-dashboard-component[22m       [2m | [22m[36m326.53 kB[39m[2m | [22m
[32mchunk-HY6BRWNT.js[39m  [2m | [22m[2mdashboard-component[22m                [2m | [22m[36m191.75 kB[39m[2m | [22m
[32mchunk-3C4JGCZB.js[39m  [2m | [22m[2mvendor-detail-component[22m            [2m | [22m[36m179.46 kB[39m[2m | [22m
[32mchunk-5344YQGQ.js[39m  [2m | [22m[2mvendor-finance-component[22m           [2m | [22m[36m177.75 kB[39m[2m | [22m
[32mchunk-WDCJD27N.js[39m  [2m | [22m[2memail-center-component[22m             [2m | [22m[36m125.64 kB[39m[2m | [22m
[32mchunk-FUNNDOEO.js[39m  [2m | [22m[2mvendors-list-component[22m             [2m | [22m[36m107.33 kB[39m[2m | [22m
[32mchunk-HBYQJTRY.js[39m  [2m | [22m[2mvendor-compliance-component[22m        [2m | [22m[36m106.83 kB[39m[2m | [22m
[32mchunk-VJUNGRER.js[39m  [2m | [22m[2mcustomer-detail-component[22m          [2m | [22m [36m92.37 kB[39m[2m | [22m
[32mchunk-IBW4OP5K.js[39m  [2m | [22m[2madmin-user-detail-component[22m        [2m | [22m [36m88.58 kB[39m[2m | [22m
[32mchunk-ZZKSDO4D.js[39m  [2m | [22m[2m-[22m                                  [2m | [22m [36m85.10 kB[39m[2m | [22m
[32mchunk-2PVMVVRZ.js[39m  [2m | [22m[2mbulk-master-products-page-component[22m[2m | [22m [36m78.22 kB[39m[2m | [22m
[32mchunk-ONWLX7OZ.js[39m  [2m | [22m[2mcategory-details-component[22m         [2m | [22m [36m74.33 kB[39m[2m | [22m
[32mchunk-P2R3VIM7.js[39m  [2m | [22m[2mvendor-overview-component[22m          [2m | [22m [36m71.59 kB[39m[2m | [22m
[2m...and 87 more lazy chunks files. Use "--verbose" to show all the files.[22m

Application bundle generation complete. [4.519 seconds]

Page reload sent to client(s).
[33m>[39m Changes detected. Rebuilding...
[32m√[39m Changes detected. Rebuilding...
Application bundle generation failed. [4.415 seconds]

[33m>[39m Changes detected. Rebuilding...
[32m√[39m Changes detected. Rebuilding...
Application bundle generation failed. [4.278 seconds]

[33m>[39m Changes detected. Rebuilding...
[32m√[39m Changes detected. Rebuilding...
Application bundle generation failed. [5.742 seconds]

[33m>[39m Changes detected. Rebuilding...
[32m√[39m Changes detected. Rebuilding...
[1mInitial chunk files[22m[2m | [22m[1mNames[22m                              [2m | [22m [1mRaw size[22m
[32mstyles.css[39m         [2m | [22m[2mstyles[22m                             [2m | [22m[36m321.16 kB[39m[2m | [22m
[32mpolyfills.js[39m       [2m | [22m[2mpolyfills[22m                          [2m | [22m [36m90.20 kB[39m[2m | [22m
[32mmain.js[39m            [2m | [22m[2mmain[22m                               [2m | [22m [36m71.41 kB[39m[2m | [22m
[32mchunk-RHZBUB7Q.js[39m  [2m | [22m[2m-[22m                                  [2m | [22m  [36m7.42 kB[39m[2m | [22m
[32mchunk-LTV7NNQO.js[39m  [2m | [22m[2m-[22m                                  [2m | [22m  [36m5.29 kB[39m[2m | [22m
[32mchunk-WDMUDEB6.js[39m  [2m | [22m[2m-[22m                                  [2m | [22m  [36m1.93 kB[39m[2m | [22m
[32mchunk-ZWUJSGC3.js[39m  [2m | [22m[2m-[22m                                  [2m | [22m  [36m1.91 kB[39m[2m | [22m
[32mchunk-FMKMVIXV.js[39m  [2m | [22m[2m-[22m                                  [2m | [22m  [36m1.87 kB[39m[2m | [22m
[32mchunk-AZICPPH2.js[39m  [2m | [22m[2m-[22m                                  [2m | [22m  [36m1.59 kB[39m[2m | [22m
[32mchunk-MYUS6GBI.js[39m  [2m | [22m[2m-[22m                                  [2m | [22m[36m219 bytes[39m[2m | [22m

[1m [22m                  [2m | [22m[1mInitial total[22m                      [2m | [22m[1m503.00 kB[22m

[1mLazy chunk files[22m   [2m | [22m[1mNames[22m                              [2m | [22m [1mRaw size[22m
[32mchunk-CGXKMQB5.js[39m  [2m | [22m[2morders-routes[22m                      [2m | [22m[36m340.74 kB[39m[2m | [22m
[32mchunk-S7IPKBLF.js[39m  [2m | [22m[2mdriver-detail-component[22m            [2m | [22m[36m331.65 kB[39m[2m | [22m
[32mchunk-I67FBPJC.js[39m  [2m | [22m[2mdisputes-dashboard-component[22m       [2m | [22m[36m326.53 kB[39m[2m | [22m
[32mchunk-HY6BRWNT.js[39m  [2m | [22m[2mdashboard-component[22m                [2m | [22m[36m191.75 kB[39m[2m | [22m
[32mchunk-3C4JGCZB.js[39m  [2m | [22m[2mvendor-detail-component[22m            [2m | [22m[36m179.46 kB[39m[2m | [22m
[32mchunk-5344YQGQ.js[39m  [2m | [22m[2mvendor-finance-component[22m           [2m | [22m[36m177.75 kB[39m[2m | [22m
[32mchunk-WDCJD27N.js[39m  [2m | [22m[2memail-center-component[22m             [2m | [22m[36m125.64 kB[39m[2m | [22m
[32mchunk-FUNNDOEO.js[39m  [2m | [22m[2mvendors-list-component[22m             [2m | [22m[36m107.33 kB[39m[2m | [22m
[32mchunk-HBYQJTRY.js[39m  [2m | [22m[2mvendor-compliance-component[22m        [2m | [22m[36m106.83 kB[39m[2m | [22m
[32mchunk-VJUNGRER.js[39m  [2m | [22m[2mcustomer-detail-component[22m          [2m | [22m [36m92.37 kB[39m[2m | [22m
[32mchunk-IBW4OP5K.js[39m  [2m | [22m[2madmin-user-detail-component[22m        [2m | [22m [36m88.58 kB[39m[2m | [22m
[32mchunk-ZZKSDO4D.js[39m  [2m | [22m[2m-[22m                                  [2m | [22m [36m85.10 kB[39m[2m | [22m
[32mchunk-2PVMVVRZ.js[39m  [2m | [22m[2mbulk-master-products-page-component[22m[2m | [22m [36m78.22 kB[39m[2m | [22m
[32mchunk-ONWLX7OZ.js[39m  [2m | [22m[2mcategory-details-component[22m         [2m | [22m [36m74.33 kB[39m[2m | [22m
[32mchunk-P2R3VIM7.js[39m  [2m | [22m[2mvendor-overview-component[22m          [2m | [22m [36m71.59 kB[39m[2m | [22m
[2m...and 87 more lazy chunks files. Use "--verbose" to show all the files.[22m

Application bundle generation complete. [3.832 seconds]

Page reload sent to client(s).
[33m>[39m Changes detected. Rebuilding...
[32m√[39m Changes detected. Rebuilding...
Application bundle generation failed. [3.554 seconds]

[33m>[39m Changes detected. Rebuilding...
[32m√[39m Changes detected. Rebuilding...
Application bundle generation failed. [4.348 seconds]

[33m>[39m Changes detected. Rebuilding...
[32m√[39m Changes detected. Rebuilding...
Application bundle generation failed. [3.849 seconds]

