[1m[31m[31mX [41;31m[[41;97mERROR[41;31m][0m [1mTS-992008: Could not find stylesheet file './dashboard-region-pressure.component.scss'.[0m [1m[35m[plugin angular-compiler][0m

    src/app/features/dashboard/components/dashboard-region-pressure/dashboard-region-pressure.component.ts:12:12:
[37m      12 │   styleUrl: [32m'./dashboard-region-pressure.component.scss'[37m
         ╵             [32m~~~~~~~~~~~~~~~~~~~~~~~~~~~~~~~~~~~~~~~~~~~~[0m

[39m[22m
[1m[31m[31mX [41;31m[[41;97mERROR[41;31m][0m [1mNG5: Argument of type 'DashboardRegionPressureRow' is not assignable to parameter of type 'number'.[0m [1m[35m[plugin angular-compiler][0m

    src/app/features/dashboard/components/dashboard-region-pressure/dashboard-region-pressure.component.html:58:55:
[37m      58 │           <div [style.width.%]="getRegionPressureWidth([32mrow[37m)"></div>
         ╵                                                        [32m~~~[0m

  Error occurs in the template of component DashboardRegionPressureComponent.

    src/app/features/dashboard/components/dashboard-region-pressure/dashboard-region-pressure.component.ts:11:15:
[37m      11 │   templateUrl: [32m'./dashboard-region-pressure.component.html'[37m,
         ╵                [32m~~~~~~~~~~~~~~~~~~~~~~~~~~~~~~~~~~~~~~~~~~~~[0m


[31mX [41;31m[[41;97mERROR[41;31m][0m [1mTS-992008: Could not find stylesheet file './dashboard-region-pressure.component.scss'.[0m [1m[35m[plugin angular-compiler][0m

    src/app/features/dashboard/components/dashboard-region-pressure/dashboard-region-pressure.component.ts:12:12:
[37m      12 │   styleUrl: [32m'./dashboard-region-pressure.component.scss'[37m
         ╵             [32m~~~~~~~~~~~~~~~~~~~~~~~~~~~~~~~~~~~~~~~~~~~~[0m

[39m[22m
[1m[31m[31mX [41;31m[[41;97mERROR[41;31m][0m [1mTS-992008: Could not find stylesheet file './dashboard-alerts-panel.component.scss'.[0m [1m[35m[plugin angular-compiler][0m

    src/app/features/dashboard/components/dashboard-alerts-panel/dashboard-alerts-panel.component.ts:12:12:
[37m      12 │   styleUrl: [32m'./dashboard-alerts-panel.component.scss'[37m
         ╵             [32m~~~~~~~~~~~~~~~~~~~~~~~~~~~~~~~~~~~~~~~~~[0m

[39m[22m
[1m[31m[31mX [41;31m[[41;97mERROR[41;31m][0m [1mTS-992008: Could not find stylesheet file './dashboard-alerts-panel.component.scss'.[0m [1m[35m[plugin angular-compiler][0m

    src/app/features/dashboard/components/dashboard-alerts-panel/dashboard-alerts-panel.component.ts:12:12:
[37m      12 │   styleUrl: [32m'./dashboard-alerts-panel.component.scss'[37m
         ╵             [32m~~~~~~~~~~~~~~~~~~~~~~~~~~~~~~~~~~~~~~~~~[0m

[39m[22m
[1m[31m[31mX [41;31m[[41;97mERROR[41;31m][0m [1mThe `shadow-[0_8px_30px_rgb(0,` class does not exist. If `shadow-[0_8px_30px_rgb(0,` is a custom class, make sure it is defined within a `@layer` directive.[0m [1m[35m[plugin angular-sass][0m

    src/styles.scss:428:1:
[37m      428 │  [32m[37m @apply bg-white border border-slate-100 shadow-[0_8px_30px_rgb(...
          ╵  [32m^[0m

  The plugin "angular-sass" was triggered by this import

    angular:styles/global:styles:1:8:
[37m      1 │ @import [32m'src/styles.scss'[37m;
        ╵         [32m~~~~~~~~~~~~~~~~~[0m

[39m[22m
[1m[31m[31mX [41;31m[[41;97mERROR[41;31m][0m [1mNG8001: 'app-badge' is not a known element:
1. If 'app-badge' is an Angular component, then verify that it is included in the '@Component.imports' of this component.
2. If 'app-badge' is a Web Component then add 'CUSTOM_ELEMENTS_SCHEMA' to the '@Component.schemas' of this component to suppress this message.[0m [1m[35m[plugin angular-compiler][0m

    src/app/features/catalog/pages/categories-manager/category-details/category-details.component.html:67:20:
[37m      67 │ ...          [32m<app-badge [variant]="category.parentCategoryId ? 'ne[37m...
         ╵              [32m~~~~~~~~~~~~~~~~~~~~~~~~~~~~~~~~~~~~~~~~~~~~~~~~~~~~~[0m

  Error occurs in the template of component CategoryDetailsComponent.

    src/app/features/catalog/pages/categories-manager/category-details/category-details.component.ts:32:15:
[37m      32 │   templateUrl: [32m'./category-details.component.html'[37m,
         ╵                [32m~~~~~~~~~~~~~~~~~~~~~~~~~~~~~~~~~~~[0m


[31mX [41;31m[[41;97mERROR[41;31m][0m [1mNG8002: Can't bind to 'variant' since it isn't a known property of 'app-badge'.
1. If 'app-badge' is an Angular component and it has 'variant' input, then verify that it is included in the '@Component.imports' of this component.
2. If 'app-badge' is a Web Component then add 'CUSTOM_ELEMENTS_SCHEMA' to the '@Component.schemas' of this component to suppress this message.
3. To allow any property add 'NO_ERRORS_SCHEMA' to the '@Component.schemas' of this component.[0m [1m[35m[plugin angular-compiler][0m

    src/app/features/catalog/pages/categories-manager/category-details/category-details.component.html:67:31:
[37m      67 │ ...app-badge [32m[variant]="category.parentCategoryId ? 'neutral' : 's[37m...
         ╵              [32m~~~~~~~~~~~~~~~~~~~~~~~~~~~~~~~~~~~~~~~~~~~~~~~~~~~~~[0m

  Error occurs in the template of component CategoryDetailsComponent.

    src/app/features/catalog/pages/categories-manager/category-details/category-details.component.ts:32:15:
[37m      32 │   templateUrl: [32m'./category-details.component.html'[37m,
         ╵                [32m~~~~~~~~~~~~~~~~~~~~~~~~~~~~~~~~~~~[0m

[39m[22m
[1m[31m[31mX [41;31m[[41;97mERROR[41;31m][0m [1mNG8001: 'app-page-header' is not a known element:
1. If 'app-page-header' is an Angular component, then verify that it is included in the '@Component.imports' of this component.
2. If 'app-page-header' is a Web Component then add 'CUSTOM_ELEMENTS_SCHEMA' to the '@Component.schemas' of this component to suppress this message.[0m [1m[35m[plugin angular-compiler][0m

    src/app/features/catalog/pages/categories-manager/categories-manager.component.html:2:4:
[37m      2 │     [32m<app-page-header[37m
        ╵     [32m~~~~~~~~~~~~~~~~[0m

  Error occurs in the template of component CategoriesManagerComponent.

    src/app/features/catalog/pages/categories-manager/categories-manager.component.ts:31:15:
[37m      31 │   templateUrl: [32m'./categories-manager.component.html'[37m,
         ╵                [32m~~~~~~~~~~~~~~~~~~~~~~~~~~~~~~~~~~~~~[0m


[31mX [41;31m[[41;97mERROR[41;31m][0m [1mNG8002: Can't bind to 'subtitle' since it isn't a known property of 'app-page-header'.
1. If 'app-page-header' is an Angular component and it has 'subtitle' input, then verify that it is included in the '@Component.imports' of this component.
2. If 'app-page-header' is a Web Component then add 'CUSTOM_ELEMENTS_SCHEMA' to the '@Component.schemas' of this component to suppress this message.
3. To allow any property add 'NO_ERRORS_SCHEMA' to the '@Component.schemas' of this component.[0m [1m[35m[plugin angular-compiler][0m

    src/app/features/catalog/pages/categories-manager/categories-manager.component.html:4:8:
[37m      4 │         [32m[subtitle]="'CATEGORIES.DESCRIPTION'"[37m
        ╵         [32m~~~~~~~~~~~~~~~~~~~~~~~~~~~~~~~~~~~~~[0m

  Error occurs in the template of component CategoriesManagerComponent.

    src/app/features/catalog/pages/categories-manager/categories-manager.component.ts:31:15:
[37m      31 │   templateUrl: [32m'./categories-manager.component.html'[37m,
         ╵                [32m~~~~~~~~~~~~~~~~~~~~~~~~~~~~~~~~~~~~~[0m


[31mX [41;31m[[41;97mERROR[41;31m][0m [1mNG8002: Can't bind to 'showToolbar' since it isn't a known property of 'app-page-header'.
1. If 'app-page-header' is an Angular component and it has 'showToolbar' input, then verify that it is included in the '@Component.imports' of this component.
2. If 'app-page-header' is a Web Component then add 'CUSTOM_ELEMENTS_SCHEMA' to the '@Component.schemas' of this component to suppress this message.
3. To allow any property add 'NO_ERRORS_SCHEMA' to the '@Component.schemas' of this component.[0m [1m[35m[plugin angular-compiler][0m

    src/app/features/catalog/pages/categories-manager/categories-manager.component.html:5:8:
[37m      5 │         [32m[showToolbar]="true"[37m
        ╵         [32m~~~~~~~~~~~~~~~~~~~~[0m

  Error occurs in the template of component CategoriesManagerComponent.

    src/app/features/catalog/pages/categories-manager/categories-manager.component.ts:31:15:
[37m      31 │   templateUrl: [32m'./categories-manager.component.html'[37m,
         ╵                [32m~~~~~~~~~~~~~~~~~~~~~~~~~~~~~~~~~~~~~[0m


[31mX [41;31m[[41;97mERROR[41;31m][0m [1mNG8002: Can't bind to 'breadcrumbs' since it isn't a known property of 'app-page-header'.
1. If 'app-page-header' is an Angular component and it has 'breadcrumbs' input, then verify that it is included in the '@Component.imports' of this component.
2. If 'app-page-header' is a Web Component then add 'CUSTOM_ELEMENTS_SCHEMA' to the '@Component.schemas' of this component to suppress this message.
3. To allow any property add 'NO_ERRORS_SCHEMA' to the '@Component.schemas' of this component.[0m [1m[35m[plugin angular-compiler][0m

    src/app/features/catalog/pages/categories-manager/categories-manager.component.html:6:8:
[37m      6 │         [32m[breadcrumbs]="[[37m
        ╵         [32m~~~~~~~~~~~~~~~~[0m

  Error occurs in the template of component CategoriesManagerComponent.

    src/app/features/catalog/pages/categories-manager/categories-manager.component.ts:31:15:
[37m      31 │   templateUrl: [32m'./categories-manager.component.html'[37m,
         ╵                [32m~~~~~~~~~~~~~~~~~~~~~~~~~~~~~~~~~~~~~[0m

[39m[22m
[1m[31m[31mX [41;31m[[41;97mERROR[41;31m][0m [1mNG1: Property 'relatedProducts' does not exist on type 'CategoryDetailsComponent'. Did you mean 'onCreateProduct'?[0m [1m[35m[plugin angular-compiler][0m

    src/app/features/catalog/pages/categories-manager/category-details/category-details.component.html:73:61:
[37m      73 │ ...ory.masterProductsCount || [32mrelatedProducts[37m.length || 0 }}</strong>
         ╵                               [32m~~~~~~~~~~~~~~~[0m

  Error occurs in the template of component CategoryDetailsComponent.

    src/app/features/catalog/pages/categories-manager/category-details/category-details.component.ts:30:15:
[37m      30 │   templateUrl: [32m'./category-details.component.html'[37m,
         ╵                [32m~~~~~~~~~~~~~~~~~~~~~~~~~~~~~~~~~~~[0m


[31mX [41;31m[[41;97mERROR[41;31m][0m [1mNG1: Property 'relatedProducts' does not exist on type 'CategoryDetailsComponent'. Did you mean 'onCreateProduct'?[0m [1m[35m[plugin angular-compiler][0m

    src/app/features/catalog/pages/categories-manager/category-details/category-details.component.html:330:24:
[37m      330 │             <div *ngIf="[32mrelatedProducts[37m.length > 0" class="mt-4 s...
          ╵                         [32m~~~~~~~~~~~~~~~[0m

  Error occurs in the template of component CategoryDetailsComponent.

    src/app/features/catalog/pages/categories-manager/category-details/category-details.component.ts:30:15:
[37m      30 │   templateUrl: [32m'./category-details.component.html'[37m,
         ╵                [32m~~~~~~~~~~~~~~~~~~~~~~~~~~~~~~~~~~~[0m


[31mX [41;31m[[41;97mERROR[41;31m][0m [1mNG1: Property 'relatedProducts' does not exist on type 'CategoryDetailsComponent'. Did you mean 'onCreateProduct'?[0m [1m[35m[plugin angular-compiler][0m

    src/app/features/catalog/pages/categories-manager/category-details/category-details.component.html:331:40:
[37m      331 │ ... *ngFor="let product of [32mrelatedProducts[37m" [routerLink]="['/cata...
          ╵                            [32m~~~~~~~~~~~~~~~[0m

  Error occurs in the template of component CategoryDetailsComponent.

    src/app/features/catalog/pages/categories-manager/category-details/category-details.component.ts:30:15:
[37m      30 │   templateUrl: [32m'./category-details.component.html'[37m,
         ╵                [32m~~~~~~~~~~~~~~~~~~~~~~~~~~~~~~~~~~~[0m


[31mX [41;31m[[41;97mERROR[41;31m][0m [1mNG1: Property 'getLocalizedProductName' does not exist on type 'CategoryDetailsComponent'. Did you mean 'getLocalizedParentName'?[0m [1m[35m[plugin angular-compiler][0m

    src/app/features/catalog/pages/categories-manager/category-details/category-details.component.html:333:107:
[37m      333 │ ...text-zadna-primary">{{ [32mgetLocalizedProductName[37m(product) }}</span>
          ╵                           [32m~~~~~~~~~~~~~~~~~~~~~~~[0m

  Error occurs in the template of component CategoryDetailsComponent.

    src/app/features/catalog/pages/categories-manager/category-details/category-details.component.ts:30:15:
[37m      30 │   templateUrl: [32m'./category-details.component.html'[37m,
         ╵                [32m~~~~~~~~~~~~~~~~~~~~~~~~~~~~~~~~~~~[0m


[31mX [41;31m[[41;97mERROR[41;31m][0m [1mNG1: Property 'relatedProducts' does not exist on type 'CategoryDetailsComponent'. Did you mean 'onCreateProduct'?[0m [1m[35m[plugin angular-compiler][0m

    src/app/features/catalog/pages/categories-manager/category-details/category-details.component.html:337:24:
[37m      337 │             <div *ngIf="[32mrelatedProducts[37m.length === 0" class="empt...
          ╵                         [32m~~~~~~~~~~~~~~~[0m

  Error occurs in the template of component CategoryDetailsComponent.

    src/app/features/catalog/pages/categories-manager/category-details/category-details.component.ts:30:15:
[37m      30 │   templateUrl: [32m'./category-details.component.html'[37m,
         ╵                [32m~~~~~~~~~~~~~~~~~~~~~~~~~~~~~~~~~~~[0m

[39m[22m
[1m[31m[31mX [41;31m[[41;97mERROR[41;31m][0m [1mNG9: Property 'completionPercent' does not exist on type 'MasterProductFormComponent'.[0m [1m[35m[plugin angular-compiler][0m

    src/app/features/catalog/pages/master-products/master-product-form/master-product-form.component.html:31:54:
[37m      31 │ ...ass="readiness-meter" [attr.aria-label]="[32mcompletionPercent[37m + '%'">
         ╵                                             [32m~~~~~~~~~~~~~~~~~[0m

  Error occurs in the template of component MasterProductFormComponent.

    src/app/features/catalog/pages/master-products/master-product-form/master-product-form.component.ts:36:15:
[37m      36 │   templateUrl: [32m'./master-product-form.component.html'[37m,
         ╵                [32m~~~~~~~~~~~~~~~~~~~~~~~~~~~~~~~~~~~~~~[0m


[31mX [41;31m[[41;97mERROR[41;31m][0m [1mNG9: Property 'completionPercent' does not exist on type 'MasterProductFormComponent'.[0m [1m[35m[plugin angular-compiler][0m

    src/app/features/catalog/pages/master-products/master-product-form/master-product-form.component.html:33:19:
[37m      33 │           <span>{{ [32mcompletionPercent[37m }}%</span>
         ╵                    [32m~~~~~~~~~~~~~~~~~[0m

  Error occurs in the template of component MasterProductFormComponent.

    src/app/features/catalog/pages/master-products/master-product-form/master-product-form.component.ts:36:15:
[37m      36 │   templateUrl: [32m'./master-product-form.component.html'[37m,
         ╵                [32m~~~~~~~~~~~~~~~~~~~~~~~~~~~~~~~~~~~~~~[0m


[31mX [41;31m[[41;97mERROR[41;31m][0m [1mNG9: Property 'completionPercent' does not exist on type 'MasterProductFormComponent'.[0m [1m[35m[plugin angular-compiler][0m

    src/app/features/catalog/pages/master-products/master-product-form/master-product-form.component.html:37:55:
[37m      37 │ ... class="readiness-fill" [style.width.%]="[32mcompletionPercent[37m"></div>
         ╵                                             [32m~~~~~~~~~~~~~~~~~[0m

  Error occurs in the template of component MasterProductFormComponent.

    src/app/features/catalog/pages/master-products/master-product-form/master-product-form.component.ts:36:15:
[37m      36 │   templateUrl: [32m'./master-product-form.component.html'[37m,
         ╵                [32m~~~~~~~~~~~~~~~~~~~~~~~~~~~~~~~~~~~~~~[0m


[31mX [41;31m[[41;97mERROR[41;31m][0m [1mNG9: Property 'isFieldTouched' does not exist on type 'MasterProductFormComponent'.[0m [1m[35m[plugin angular-compiler][0m

    src/app/features/catalog/pages/master-products/master-product-form/master-product-form.component.html:66:29:
[37m      66 │                 [isTouched]="[32misFieldTouched[37m('nameAr')"
         ╵                              [32m~~~~~~~~~~~~~~[0m

  Error occurs in the template of component MasterProductFormComponent.

    src/app/features/catalog/pages/master-products/master-product-form/master-product-form.component.ts:36:15:
[37m      36 │   templateUrl: [32m'./master-product-form.component.html'[37m,
         ╵                [32m~~~~~~~~~~~~~~~~~~~~~~~~~~~~~~~~~~~~~~[0m


[31mX [41;31m[[41;97mERROR[41;31m][0m [1mNG9: Property 'isFieldInvalid' does not exist on type 'MasterProductFormComponent'.[0m [1m[35m[plugin angular-compiler][0m

    src/app/features/catalog/pages/master-products/master-product-form/master-product-form.component.html:67:25:
[37m      67 │                 [error]="[32misFieldInvalid[37m('nameAr') ? ('COMMON.REQUI...
         ╵                          [32m~~~~~~~~~~~~~~[0m

  Error occurs in the template of component MasterProductFormComponent.

    src/app/features/catalog/pages/master-products/master-product-form/master-product-form.component.ts:36:15:
[37m      36 │   templateUrl: [32m'./master-product-form.component.html'[37m,
         ╵                [32m~~~~~~~~~~~~~~~~~~~~~~~~~~~~~~~~~~~~~~[0m


[31mX [41;31m[[41;97mERROR[41;31m][0m [1mNG9: Property 'isFieldTouched' does not exist on type 'MasterProductFormComponent'.[0m [1m[35m[plugin angular-compiler][0m

    src/app/features/catalog/pages/master-products/master-product-form/master-product-form.component.html:91:29:
[37m      91 │                 [isTouched]="[32misFieldTouched[37m('nameEn')"
         ╵                              [32m~~~~~~~~~~~~~~[0m

  Error occurs in the template of component MasterProductFormComponent.

    src/app/features/catalog/pages/master-products/master-product-form/master-product-form.component.ts:36:15:
[37m      36 │   templateUrl: [32m'./master-product-form.component.html'[37m,
         ╵                [32m~~~~~~~~~~~~~~~~~~~~~~~~~~~~~~~~~~~~~~[0m


[31mX [41;31m[[41;97mERROR[41;31m][0m [1mNG9: Property 'isFieldInvalid' does not exist on type 'MasterProductFormComponent'.[0m [1m[35m[plugin angular-compiler][0m

    src/app/features/catalog/pages/master-products/master-product-form/master-product-form.component.html:92:25:
[37m      92 │                 [error]="[32misFieldInvalid[37m('nameEn') ? ('COMMON.REQUI...
         ╵                          [32m~~~~~~~~~~~~~~[0m

  Error occurs in the template of component MasterProductFormComponent.

    src/app/features/catalog/pages/master-products/master-product-form/master-product-form.component.ts:36:15:
[37m      36 │   templateUrl: [32m'./master-product-form.component.html'[37m,
         ╵                [32m~~~~~~~~~~~~~~~~~~~~~~~~~~~~~~~~~~~~~~[0m


[31mX [41;31m[[41;97mERROR[41;31m][0m [1mNG9: Property 'isFieldInvalid' does not exist on type 'MasterProductFormComponent'.[0m [1m[35m[plugin angular-compiler][0m

    src/app/features/catalog/pages/master-products/master-product-form/master-product-form.component.html:119:36:
[37m      119 │                 [class.is-invalid]="[32misFieldInvalid[37m('slug')" />
          ╵                                     [32m~~~~~~~~~~~~~~[0m

  Error occurs in the template of component MasterProductFormComponent.

    src/app/features/catalog/pages/master-products/master-product-form/master-product-form.component.ts:36:15:
[37m      36 │   templateUrl: [32m'./master-product-form.component.html'[37m,
         ╵                [32m~~~~~~~~~~~~~~~~~~~~~~~~~~~~~~~~~~~~~~[0m


[31mX [41;31m[[41;97mERROR[41;31m][0m [1mNG9: Property 'isFieldInvalid' does not exist on type 'MasterProductFormComponent'.[0m [1m[35m[plugin angular-compiler][0m

    src/app/features/catalog/pages/master-products/master-product-form/master-product-form.component.html:126:22:
[37m      126 │             <p *ngIf="[32misFieldInvalid[37m('slug')" class="field-error">
          ╵                       [32m~~~~~~~~~~~~~~[0m

  Error occurs in the template of component MasterProductFormComponent.

    src/app/features/catalog/pages/master-products/master-product-form/master-product-form.component.ts:36:15:
[37m      36 │   templateUrl: [32m'./master-product-form.component.html'[37m,
         ╵                [32m~~~~~~~~~~~~~~~~~~~~~~~~~~~~~~~~~~~~~~[0m


[31mX [41;31m[[41;97mERROR[41;31m][0m [1mNG9: Property 'isFieldTouched' does not exist on type 'MasterProductFormComponent'.[0m [1m[35m[plugin angular-compiler][0m

    src/app/features/catalog/pages/master-products/master-product-form/master-product-form.component.html:198:27:
[37m      198 │               [isTouched]="[32misFieldTouched[37m('categoryId')"
          ╵                            [32m~~~~~~~~~~~~~~[0m

  Error occurs in the template of component MasterProductFormComponent.

    src/app/features/catalog/pages/master-products/master-product-form/master-product-form.component.ts:36:15:
[37m      36 │   templateUrl: [32m'./master-product-form.component.html'[37m,
         ╵                [32m~~~~~~~~~~~~~~~~~~~~~~~~~~~~~~~~~~~~~~[0m


[31mX [41;31m[[41;97mERROR[41;31m][0m [1mNG9: Property 'isFieldInvalid' does not exist on type 'MasterProductFormComponent'.[0m [1m[35m[plugin angular-compiler][0m

    src/app/features/catalog/pages/master-products/master-product-form/master-product-form.component.html:199:23:
[37m      199 │               [error]="[32misFieldInvalid[37m('categoryId') ? ('COMMON.RE...
          ╵                        [32m~~~~~~~~~~~~~~[0m

  Error occurs in the template of component MasterProductFormComponent.

    src/app/features/catalog/pages/master-products/master-product-form/master-product-form.component.ts:36:15:
[37m      36 │   templateUrl: [32m'./master-product-form.component.html'[37m,
         ╵                [32m~~~~~~~~~~~~~~~~~~~~~~~~~~~~~~~~~~~~~~[0m


[31mX [41;31m[[41;97mERROR[41;31m][0m [1mNG9: Property 'coreInfoComplete' does not exist on type 'MasterProductFormComponent'.[0m [1m[35m[plugin angular-compiler][0m

    src/app/features/catalog/pages/master-products/master-product-form/master-product-form.component.html:283:56:
[37m      283 │ ... <div class="summary-row" [class.is-complete]="[32mcoreInfoComplete[37m">
          ╵                                                   [32m~~~~~~~~~~~~~~~~[0m

  Error occurs in the template of component MasterProductFormComponent.

    src/app/features/catalog/pages/master-products/master-product-form/master-product-form.component.ts:36:15:
[37m      36 │   templateUrl: [32m'./master-product-form.component.html'[37m,
         ╵                [32m~~~~~~~~~~~~~~~~~~~~~~~~~~~~~~~~~~~~~~[0m


[31mX [41;31m[[41;97mERROR[41;31m][0m [1mNG9: Property 'coreInfoComplete' does not exist on type 'MasterProductFormComponent'.[0m [1m[35m[plugin angular-compiler][0m

    src/app/features/catalog/pages/master-products/master-product-form/master-product-form.component.html:284:55:
[37m      284 │ ...l-symbols-outlined">{{ [32mcoreInfoComplete[37m ? 'check_circle' : 'ra...
          ╵                           [32m~~~~~~~~~~~~~~~~[0m

  Error occurs in the template of component MasterProductFormComponent.

    src/app/features/catalog/pages/master-products/master-product-form/master-product-form.component.ts:36:15:
[37m      36 │   templateUrl: [32m'./master-product-form.component.html'[37m,
         ╵                [32m~~~~~~~~~~~~~~~~~~~~~~~~~~~~~~~~~~~~~~[0m


[31mX [41;31m[[41;97mERROR[41;31m][0m [1mNG9: Property 'classificationComplete' does not exist on type 'MasterProductFormComponent'.[0m [1m[35m[plugin angular-compiler][0m

    src/app/features/catalog/pages/master-products/master-product-form/master-product-form.component.html:291:56:
[37m      291 │ ...class="summary-row" [class.is-complete]="[32mclassificationComplete[37m">
          ╵                                             [32m~~~~~~~~~~~~~~~~~~~~~~[0m

  Error occurs in the template of component MasterProductFormComponent.

    src/app/features/catalog/pages/master-products/master-product-form/master-product-form.component.ts:36:15:
[37m      36 │   templateUrl: [32m'./master-product-form.component.html'[37m,
         ╵                [32m~~~~~~~~~~~~~~~~~~~~~~~~~~~~~~~~~~~~~~[0m


[31mX [41;31m[[41;97mERROR[41;31m][0m [1mNG9: Property 'classificationComplete' does not exist on type 'MasterProductFormComponent'.[0m [1m[35m[plugin angular-compiler][0m

    src/app/features/catalog/pages/master-products/master-product-form/master-product-form.component.html:292:55:
[37m      292 │ ...ymbols-outlined">{{ [32mclassificationComplete[37m ? 'check_circle' : ...
          ╵                        [32m~~~~~~~~~~~~~~~~~~~~~~[0m

  Error occurs in the template of component MasterProductFormComponent.

    src/app/features/catalog/pages/master-products/master-product-form/master-product-form.component.ts:36:15:
[37m      36 │   templateUrl: [32m'./master-product-form.component.html'[37m,
         ╵                [32m~~~~~~~~~~~~~~~~~~~~~~~~~~~~~~~~~~~~~~[0m


[31mX [41;31m[[41;97mERROR[41;31m][0m [1mNG9: Property 'selectedCategoryLabel' does not exist on type 'MasterProductFormComponent'.[0m [1m[35m[plugin angular-compiler][0m

    src/app/features/catalog/pages/master-products/master-product-form/master-product-form.component.html:295:24:
[37m      295 │               <small>{{ [32mselectedCategoryLabel[37m || (activeLang === ...
          ╵                         [32m~~~~~~~~~~~~~~~~~~~~~[0m

  Error occurs in the template of component MasterProductFormComponent.

    src/app/features/catalog/pages/master-products/master-product-form/master-product-form.component.ts:36:15:
[37m      36 │   templateUrl: [32m'./master-product-form.component.html'[37m,
         ╵                [32m~~~~~~~~~~~~~~~~~~~~~~~~~~~~~~~~~~~~~~[0m

[39m[22m
[1m[31m[31mX [41;31m[[41;97mERROR[41;31m][0m [1mNG9: Property 'completionPercent' does not exist on type 'MasterProductFormComponent'.[0m [1m[35m[plugin angular-compiler][0m

    src/app/features/catalog/pages/master-products/master-product-form/master-product-form.component.html:31:54:
[37m      31 │ ...ass="readiness-meter" [attr.aria-label]="[32mcompletionPercent[37m + '%'">
         ╵                                             [32m~~~~~~~~~~~~~~~~~[0m

  Error occurs in the template of component MasterProductFormComponent.

    src/app/features/catalog/pages/master-products/master-product-form/master-product-form.component.ts:36:15:
[37m      36 │   templateUrl: [32m'./master-product-form.component.html'[37m,
         ╵                [32m~~~~~~~~~~~~~~~~~~~~~~~~~~~~~~~~~~~~~~[0m


[31mX [41;31m[[41;97mERROR[41;31m][0m [1mNG9: Property 'completionPercent' does not exist on type 'MasterProductFormComponent'.[0m [1m[35m[plugin angular-compiler][0m

    src/app/features/catalog/pages/master-products/master-product-form/master-product-form.component.html:33:19:
[37m      33 │           <span>{{ [32mcompletionPercent[37m }}%</span>
         ╵                    [32m~~~~~~~~~~~~~~~~~[0m

  Error occurs in the template of component MasterProductFormComponent.

    src/app/features/catalog/pages/master-products/master-product-form/master-product-form.component.ts:36:15:
[37m      36 │   templateUrl: [32m'./master-product-form.component.html'[37m,
         ╵                [32m~~~~~~~~~~~~~~~~~~~~~~~~~~~~~~~~~~~~~~[0m


[31mX [41;31m[[41;97mERROR[41;31m][0m [1mNG9: Property 'completionPercent' does not exist on type 'MasterProductFormComponent'.[0m [1m[35m[plugin angular-compiler][0m

    src/app/features/catalog/pages/master-products/master-product-form/master-product-form.component.html:37:55:
[37m      37 │ ... class="readiness-fill" [style.width.%]="[32mcompletionPercent[37m"></div>
         ╵                                             [32m~~~~~~~~~~~~~~~~~[0m

  Error occurs in the template of component MasterProductFormComponent.

    src/app/features/catalog/pages/master-products/master-product-form/master-product-form.component.ts:36:15:
[37m      36 │   templateUrl: [32m'./master-product-form.component.html'[37m,
         ╵                [32m~~~~~~~~~~~~~~~~~~~~~~~~~~~~~~~~~~~~~~[0m


[31mX [41;31m[[41;97mERROR[41;31m][0m [1mNG9: Property 'isFieldTouched' does not exist on type 'MasterProductFormComponent'.[0m [1m[35m[plugin angular-compiler][0m

    src/app/features/catalog/pages/master-products/master-product-form/master-product-form.component.html:66:29:
[37m      66 │                 [isTouched]="[32misFieldTouched[37m('nameAr')"
         ╵                              [32m~~~~~~~~~~~~~~[0m

  Error occurs in the template of component MasterProductFormComponent.

    src/app/features/catalog/pages/master-products/master-product-form/master-product-form.component.ts:36:15:
[37m      36 │   templateUrl: [32m'./master-product-form.component.html'[37m,
         ╵                [32m~~~~~~~~~~~~~~~~~~~~~~~~~~~~~~~~~~~~~~[0m


[31mX [41;31m[[41;97mERROR[41;31m][0m [1mNG9: Property 'isFieldInvalid' does not exist on type 'MasterProductFormComponent'.[0m [1m[35m[plugin angular-compiler][0m

    src/app/features/catalog/pages/master-products/master-product-form/master-product-form.component.html:67:25:
[37m      67 │                 [error]="[32misFieldInvalid[37m('nameAr') ? ('COMMON.REQUI...
         ╵                          [32m~~~~~~~~~~~~~~[0m

  Error occurs in the template of component MasterProductFormComponent.

    src/app/features/catalog/pages/master-products/master-product-form/master-product-form.component.ts:36:15:
[37m      36 │   templateUrl: [32m'./master-product-form.component.html'[37m,
         ╵                [32m~~~~~~~~~~~~~~~~~~~~~~~~~~~~~~~~~~~~~~[0m


[31mX [41;31m[[41;97mERROR[41;31m][0m [1mNG9: Property 'isFieldTouched' does not exist on type 'MasterProductFormComponent'.[0m [1m[35m[plugin angular-compiler][0m

    src/app/features/catalog/pages/master-products/master-product-form/master-product-form.component.html:91:29:
[37m      91 │                 [isTouched]="[32misFieldTouched[37m('nameEn')"
         ╵                              [32m~~~~~~~~~~~~~~[0m

  Error occurs in the template of component MasterProductFormComponent.

    src/app/features/catalog/pages/master-products/master-product-form/master-product-form.component.ts:36:15:
[37m      36 │   templateUrl: [32m'./master-product-form.component.html'[37m,
         ╵                [32m~~~~~~~~~~~~~~~~~~~~~~~~~~~~~~~~~~~~~~[0m


[31mX [41;31m[[41;97mERROR[41;31m][0m [1mNG9: Property 'isFieldInvalid' does not exist on type 'MasterProductFormComponent'.[0m [1m[35m[plugin angular-compiler][0m

    src/app/features/catalog/pages/master-products/master-product-form/master-product-form.component.html:92:25:
[37m      92 │                 [error]="[32misFieldInvalid[37m('nameEn') ? ('COMMON.REQUI...
         ╵                          [32m~~~~~~~~~~~~~~[0m

  Error occurs in the template of component MasterProductFormComponent.

    src/app/features/catalog/pages/master-products/master-product-form/master-product-form.component.ts:36:15:
[37m      36 │   templateUrl: [32m'./master-product-form.component.html'[37m,
         ╵                [32m~~~~~~~~~~~~~~~~~~~~~~~~~~~~~~~~~~~~~~[0m


[31mX [41;31m[[41;97mERROR[41;31m][0m [1mNG9: Property 'isFieldInvalid' does not exist on type 'MasterProductFormComponent'.[0m [1m[35m[plugin angular-compiler][0m

    src/app/features/catalog/pages/master-products/master-product-form/master-product-form.component.html:119:36:
[37m      119 │                 [class.is-invalid]="[32misFieldInvalid[37m('slug')" />
          ╵                                     [32m~~~~~~~~~~~~~~[0m

  Error occurs in the template of component MasterProductFormComponent.

    src/app/features/catalog/pages/master-products/master-product-form/master-product-form.component.ts:36:15:
[37m      36 │   templateUrl: [32m'./master-product-form.component.html'[37m,
         ╵                [32m~~~~~~~~~~~~~~~~~~~~~~~~~~~~~~~~~~~~~~[0m


[31mX [41;31m[[41;97mERROR[41;31m][0m [1mNG9: Property 'isFieldInvalid' does not exist on type 'MasterProductFormComponent'.[0m [1m[35m[plugin angular-compiler][0m

    src/app/features/catalog/pages/master-products/master-product-form/master-product-form.component.html:126:22:
[37m      126 │             <p *ngIf="[32misFieldInvalid[37m('slug')" class="field-error">
          ╵                       [32m~~~~~~~~~~~~~~[0m

  Error occurs in the template of component MasterProductFormComponent.

    src/app/features/catalog/pages/master-products/master-product-form/master-product-form.component.ts:36:15:
[37m      36 │   templateUrl: [32m'./master-product-form.component.html'[37m,
         ╵                [32m~~~~~~~~~~~~~~~~~~~~~~~~~~~~~~~~~~~~~~[0m


[31mX [41;31m[[41;97mERROR[41;31m][0m [1mNG9: Property 'isFieldTouched' does not exist on type 'MasterProductFormComponent'.[0m [1m[35m[plugin angular-compiler][0m

    src/app/features/catalog/pages/master-products/master-product-form/master-product-form.component.html:198:27:
[37m      198 │               [isTouched]="[32misFieldTouched[37m('categoryId')"
          ╵                            [32m~~~~~~~~~~~~~~[0m

  Error occurs in the template of component MasterProductFormComponent.

    src/app/features/catalog/pages/master-products/master-product-form/master-product-form.component.ts:36:15:
[37m      36 │   templateUrl: [32m'./master-product-form.component.html'[37m,
         ╵                [32m~~~~~~~~~~~~~~~~~~~~~~~~~~~~~~~~~~~~~~[0m


[31mX [41;31m[[41;97mERROR[41;31m][0m [1mNG9: Property 'isFieldInvalid' does not exist on type 'MasterProductFormComponent'.[0m [1m[35m[plugin angular-compiler][0m

    src/app/features/catalog/pages/master-products/master-product-form/master-product-form.component.html:199:23:
[37m      199 │               [error]="[32misFieldInvalid[37m('categoryId') ? ('COMMON.RE...
          ╵                        [32m~~~~~~~~~~~~~~[0m

  Error occurs in the template of component MasterProductFormComponent.

    src/app/features/catalog/pages/master-products/master-product-form/master-product-form.component.ts:36:15:
[37m      36 │   templateUrl: [32m'./master-product-form.component.html'[37m,
         ╵                [32m~~~~~~~~~~~~~~~~~~~~~~~~~~~~~~~~~~~~~~[0m


[31mX [41;31m[[41;97mERROR[41;31m][0m [1mNG9: Property 'coreInfoComplete' does not exist on type 'MasterProductFormComponent'.[0m [1m[35m[plugin angular-compiler][0m

    src/app/features/catalog/pages/master-products/master-product-form/master-product-form.component.html:283:56:
[37m      283 │ ... <div class="summary-row" [class.is-complete]="[32mcoreInfoComplete[37m">
          ╵                                                   [32m~~~~~~~~~~~~~~~~[0m

  Error occurs in the template of component MasterProductFormComponent.

    src/app/features/catalog/pages/master-products/master-product-form/master-product-form.component.ts:36:15:
[37m      36 │   templateUrl: [32m'./master-product-form.component.html'[37m,
         ╵                [32m~~~~~~~~~~~~~~~~~~~~~~~~~~~~~~~~~~~~~~[0m


[31mX [41;31m[[41;97mERROR[41;31m][0m [1mNG9: Property 'coreInfoComplete' does not exist on type 'MasterProductFormComponent'.[0m [1m[35m[plugin angular-compiler][0m

    src/app/features/catalog/pages/master-products/master-product-form/master-product-form.component.html:284:55:
[37m      284 │ ...l-symbols-outlined">{{ [32mcoreInfoComplete[37m ? 'check_circle' : 'ra...
          ╵                           [32m~~~~~~~~~~~~~~~~[0m

  Error occurs in the template of component MasterProductFormComponent.

    src/app/features/catalog/pages/master-products/master-product-form/master-product-form.component.ts:36:15:
[37m      36 │   templateUrl: [32m'./master-product-form.component.html'[37m,
         ╵                [32m~~~~~~~~~~~~~~~~~~~~~~~~~~~~~~~~~~~~~~[0m


[31mX [41;31m[[41;97mERROR[41;31m][0m [1mNG9: Property 'classificationComplete' does not exist on type 'MasterProductFormComponent'.[0m [1m[35m[plugin angular-compiler][0m

    src/app/features/catalog/pages/master-products/master-product-form/master-product-form.component.html:291:56:
[37m      291 │ ...class="summary-row" [class.is-complete]="[32mclassificationComplete[37m">
          ╵                                             [32m~~~~~~~~~~~~~~~~~~~~~~[0m

  Error occurs in the template of component MasterProductFormComponent.

    src/app/features/catalog/pages/master-products/master-product-form/master-product-form.component.ts:36:15:
[37m      36 │   templateUrl: [32m'./master-product-form.component.html'[37m,
         ╵                [32m~~~~~~~~~~~~~~~~~~~~~~~~~~~~~~~~~~~~~~[0m


[31mX [41;31m[[41;97mERROR[41;31m][0m [1mNG9: Property 'classificationComplete' does not exist on type 'MasterProductFormComponent'.[0m [1m[35m[plugin angular-compiler][0m

    src/app/features/catalog/pages/master-products/master-product-form/master-product-form.component.html:292:55:
[37m      292 │ ...ymbols-outlined">{{ [32mclassificationComplete[37m ? 'check_circle' : ...
          ╵                        [32m~~~~~~~~~~~~~~~~~~~~~~[0m

  Error occurs in the template of component MasterProductFormComponent.

    src/app/features/catalog/pages/master-products/master-product-form/master-product-form.component.ts:36:15:
[37m      36 │   templateUrl: [32m'./master-product-form.component.html'[37m,
         ╵                [32m~~~~~~~~~~~~~~~~~~~~~~~~~~~~~~~~~~~~~~[0m


[31mX [41;31m[[41;97mERROR[41;31m][0m [1mNG9: Property 'selectedCategoryLabel' does not exist on type 'MasterProductFormComponent'.[0m [1m[35m[plugin angular-compiler][0m

    src/app/features/catalog/pages/master-products/master-product-form/master-product-form.component.html:295:24:
[37m      295 │               <small>{{ [32mselectedCategoryLabel[37m || (activeLang === ...
          ╵                         [32m~~~~~~~~~~~~~~~~~~~~~[0m

  Error occurs in the template of component MasterProductFormComponent.

    src/app/features/catalog/pages/master-products/master-product-form/master-product-form.component.ts:36:15:
[37m      36 │   templateUrl: [32m'./master-product-form.component.html'[37m,
         ╵                [32m~~~~~~~~~~~~~~~~~~~~~~~~~~~~~~~~~~~~~~[0m


[31mX [41;31m[[41;97mERROR[41;31m][0m [1mTS-992008: Could not find stylesheet file './master-product-form.component.scss'.[0m [1m[35m[plugin angular-compiler][0m

    src/app/features/catalog/pages/master-products/master-product-form/master-product-form.component.ts:37:12:
[37m      37 │   styleUrl: [32m'./master-product-form.component.scss'[37m
         ╵             [32m~~~~~~~~~~~~~~~~~~~~~~~~~~~~~~~~~~~~~~[0m

[39m[22m
[1m[31m[31mX [41;31m[[41;97mERROR[41;31m][0m [1mNG9: Property 'completionPercent' does not exist on type 'MasterProductFormComponent'.[0m [1m[35m[plugin angular-compiler][0m

    src/app/features/catalog/pages/master-products/master-product-form/master-product-form.component.html:31:54:
[37m      31 │ ...ass="readiness-meter" [attr.aria-label]="[32mcompletionPercent[37m + '%'">
         ╵                                             [32m~~~~~~~~~~~~~~~~~[0m

  Error occurs in the template of component MasterProductFormComponent.

    src/app/features/catalog/pages/master-products/master-product-form/master-product-form.component.ts:36:15:
[37m      36 │   templateUrl: [32m'./master-product-form.component.html'[37m,
         ╵                [32m~~~~~~~~~~~~~~~~~~~~~~~~~~~~~~~~~~~~~~[0m


[31mX [41;31m[[41;97mERROR[41;31m][0m [1mNG9: Property 'completionPercent' does not exist on type 'MasterProductFormComponent'.[0m [1m[35m[plugin angular-compiler][0m

    src/app/features/catalog/pages/master-products/master-product-form/master-product-form.component.html:33:19:
[37m      33 │           <span>{{ [32mcompletionPercent[37m }}%</span>
         ╵                    [32m~~~~~~~~~~~~~~~~~[0m

  Error occurs in the template of component MasterProductFormComponent.

    src/app/features/catalog/pages/master-products/master-product-form/master-product-form.component.ts:36:15:
[37m      36 │   templateUrl: [32m'./master-product-form.component.html'[37m,
         ╵                [32m~~~~~~~~~~~~~~~~~~~~~~~~~~~~~~~~~~~~~~[0m


[31mX [41;31m[[41;97mERROR[41;31m][0m [1mNG9: Property 'completionPercent' does not exist on type 'MasterProductFormComponent'.[0m [1m[35m[plugin angular-compiler][0m

    src/app/features/catalog/pages/master-products/master-product-form/master-product-form.component.html:37:55:
[37m      37 │ ... class="readiness-fill" [style.width.%]="[32mcompletionPercent[37m"></div>
         ╵                                             [32m~~~~~~~~~~~~~~~~~[0m

  Error occurs in the template of component MasterProductFormComponent.

    src/app/features/catalog/pages/master-products/master-product-form/master-product-form.component.ts:36:15:
[37m      36 │   templateUrl: [32m'./master-product-form.component.html'[37m,
         ╵                [32m~~~~~~~~~~~~~~~~~~~~~~~~~~~~~~~~~~~~~~[0m


[31mX [41;31m[[41;97mERROR[41;31m][0m [1mNG9: Property 'isFieldTouched' does not exist on type 'MasterProductFormComponent'.[0m [1m[35m[plugin angular-compiler][0m

    src/app/features/catalog/pages/master-products/master-product-form/master-product-form.component.html:66:29:
[37m      66 │                 [isTouched]="[32misFieldTouched[37m('nameAr')"
         ╵                              [32m~~~~~~~~~~~~~~[0m

  Error occurs in the template of component MasterProductFormComponent.

    src/app/features/catalog/pages/master-products/master-product-form/master-product-form.component.ts:36:15:
[37m      36 │   templateUrl: [32m'./master-product-form.component.html'[37m,
         ╵                [32m~~~~~~~~~~~~~~~~~~~~~~~~~~~~~~~~~~~~~~[0m


[31mX [41;31m[[41;97mERROR[41;31m][0m [1mNG9: Property 'isFieldInvalid' does not exist on type 'MasterProductFormComponent'.[0m [1m[35m[plugin angular-compiler][0m

    src/app/features/catalog/pages/master-products/master-product-form/master-product-form.component.html:67:25:
[37m      67 │                 [error]="[32misFieldInvalid[37m('nameAr') ? ('COMMON.REQUI...
         ╵                          [32m~~~~~~~~~~~~~~[0m

  Error occurs in the template of component MasterProductFormComponent.

    src/app/features/catalog/pages/master-products/master-product-form/master-product-form.component.ts:36:15:
[37m      36 │   templateUrl: [32m'./master-product-form.component.html'[37m,
         ╵                [32m~~~~~~~~~~~~~~~~~~~~~~~~~~~~~~~~~~~~~~[0m


[31mX [41;31m[[41;97mERROR[41;31m][0m [1mNG9: Property 'isFieldTouched' does not exist on type 'MasterProductFormComponent'.[0m [1m[35m[plugin angular-compiler][0m

    src/app/features/catalog/pages/master-products/master-product-form/master-product-form.component.html:91:29:
[37m      91 │                 [isTouched]="[32misFieldTouched[37m('nameEn')"
         ╵                              [32m~~~~~~~~~~~~~~[0m

  Error occurs in the template of component MasterProductFormComponent.

    src/app/features/catalog/pages/master-products/master-product-form/master-product-form.component.ts:36:15:
[37m      36 │   templateUrl: [32m'./master-product-form.component.html'[37m,
         ╵                [32m~~~~~~~~~~~~~~~~~~~~~~~~~~~~~~~~~~~~~~[0m


[31mX [41;31m[[41;97mERROR[41;31m][0m [1mNG9: Property 'isFieldInvalid' does not exist on type 'MasterProductFormComponent'.[0m [1m[35m[plugin angular-compiler][0m

    src/app/features/catalog/pages/master-products/master-product-form/master-product-form.component.html:92:25:
[37m      92 │                 [error]="[32misFieldInvalid[37m('nameEn') ? ('COMMON.REQUI...
         ╵                          [32m~~~~~~~~~~~~~~[0m

  Error occurs in the template of component MasterProductFormComponent.

    src/app/features/catalog/pages/master-products/master-product-form/master-product-form.component.ts:36:15:
[37m      36 │   templateUrl: [32m'./master-product-form.component.html'[37m,
         ╵                [32m~~~~~~~~~~~~~~~~~~~~~~~~~~~~~~~~~~~~~~[0m


[31mX [41;31m[[41;97mERROR[41;31m][0m [1mNG9: Property 'isFieldInvalid' does not exist on type 'MasterProductFormComponent'.[0m [1m[35m[plugin angular-compiler][0m

    src/app/features/catalog/pages/master-products/master-product-form/master-product-form.component.html:119:36:
[37m      119 │                 [class.is-invalid]="[32misFieldInvalid[37m('slug')" />
          ╵                                     [32m~~~~~~~~~~~~~~[0m

  Error occurs in the template of component MasterProductFormComponent.

    src/app/features/catalog/pages/master-products/master-product-form/master-product-form.component.ts:36:15:
[37m      36 │   templateUrl: [32m'./master-product-form.component.html'[37m,
         ╵                [32m~~~~~~~~~~~~~~~~~~~~~~~~~~~~~~~~~~~~~~[0m


[31mX [41;31m[[41;97mERROR[41;31m][0m [1mNG9: Property 'isFieldInvalid' does not exist on type 'MasterProductFormComponent'.[0m [1m[35m[plugin angular-compiler][0m

    src/app/features/catalog/pages/master-products/master-product-form/master-product-form.component.html:126:22:
[37m      126 │             <p *ngIf="[32misFieldInvalid[37m('slug')" class="field-error">
          ╵                       [32m~~~~~~~~~~~~~~[0m

  Error occurs in the template of component MasterProductFormComponent.

    src/app/features/catalog/pages/master-products/master-product-form/master-product-form.component.ts:36:15:
[37m      36 │   templateUrl: [32m'./master-product-form.component.html'[37m,
         ╵                [32m~~~~~~~~~~~~~~~~~~~~~~~~~~~~~~~~~~~~~~[0m


[31mX [41;31m[[41;97mERROR[41;31m][0m [1mNG9: Property 'isFieldTouched' does not exist on type 'MasterProductFormComponent'.[0m [1m[35m[plugin angular-compiler][0m

    src/app/features/catalog/pages/master-products/master-product-form/master-product-form.component.html:198:27:
[37m      198 │               [isTouched]="[32misFieldTouched[37m('categoryId')"
          ╵                            [32m~~~~~~~~~~~~~~[0m

  Error occurs in the template of component MasterProductFormComponent.

    src/app/features/catalog/pages/master-products/master-product-form/master-product-form.component.ts:36:15:
[37m      36 │   templateUrl: [32m'./master-product-form.component.html'[37m,
         ╵                [32m~~~~~~~~~~~~~~~~~~~~~~~~~~~~~~~~~~~~~~[0m


[31mX [41;31m[[41;97mERROR[41;31m][0m [1mNG9: Property 'isFieldInvalid' does not exist on type 'MasterProductFormComponent'.[0m [1m[35m[plugin angular-compiler][0m

    src/app/features/catalog/pages/master-products/master-product-form/master-product-form.component.html:199:23:
[37m      199 │               [error]="[32misFieldInvalid[37m('categoryId') ? ('COMMON.RE...
          ╵                        [32m~~~~~~~~~~~~~~[0m

  Error occurs in the template of component MasterProductFormComponent.

    src/app/features/catalog/pages/master-products/master-product-form/master-product-form.component.ts:36:15:
[37m      36 │   templateUrl: [32m'./master-product-form.component.html'[37m,
         ╵                [32m~~~~~~~~~~~~~~~~~~~~~~~~~~~~~~~~~~~~~~[0m


[31mX [41;31m[[41;97mERROR[41;31m][0m [1mNG9: Property 'coreInfoComplete' does not exist on type 'MasterProductFormComponent'.[0m [1m[35m[plugin angular-compiler][0m

    src/app/features/catalog/pages/master-products/master-product-form/master-product-form.component.html:283:56:
[37m      283 │ ... <div class="summary-row" [class.is-complete]="[32mcoreInfoComplete[37m">
          ╵                                                   [32m~~~~~~~~~~~~~~~~[0m

  Error occurs in the template of component MasterProductFormComponent.

    src/app/features/catalog/pages/master-products/master-product-form/master-product-form.component.ts:36:15:
[37m      36 │   templateUrl: [32m'./master-product-form.component.html'[37m,
         ╵                [32m~~~~~~~~~~~~~~~~~~~~~~~~~~~~~~~~~~~~~~[0m


[31mX [41;31m[[41;97mERROR[41;31m][0m [1mNG9: Property 'coreInfoComplete' does not exist on type 'MasterProductFormComponent'.[0m [1m[35m[plugin angular-compiler][0m

    src/app/features/catalog/pages/master-products/master-product-form/master-product-form.component.html:284:55:
[37m      284 │ ...l-symbols-outlined">{{ [32mcoreInfoComplete[37m ? 'check_circle' : 'ra...
          ╵                           [32m~~~~~~~~~~~~~~~~[0m

  Error occurs in the template of component MasterProductFormComponent.

    src/app/features/catalog/pages/master-products/master-product-form/master-product-form.component.ts:36:15:
[37m      36 │   templateUrl: [32m'./master-product-form.component.html'[37m,
         ╵                [32m~~~~~~~~~~~~~~~~~~~~~~~~~~~~~~~~~~~~~~[0m


[31mX [41;31m[[41;97mERROR[41;31m][0m [1mNG9: Property 'classificationComplete' does not exist on type 'MasterProductFormComponent'.[0m [1m[35m[plugin angular-compiler][0m

    src/app/features/catalog/pages/master-products/master-product-form/master-product-form.component.html:291:56:
[37m      291 │ ...class="summary-row" [class.is-complete]="[32mclassificationComplete[37m">
          ╵                                             [32m~~~~~~~~~~~~~~~~~~~~~~[0m

  Error occurs in the template of component MasterProductFormComponent.

    src/app/features/catalog/pages/master-products/master-product-form/master-product-form.component.ts:36:15:
[37m      36 │   templateUrl: [32m'./master-product-form.component.html'[37m,
         ╵                [32m~~~~~~~~~~~~~~~~~~~~~~~~~~~~~~~~~~~~~~[0m


[31mX [41;31m[[41;97mERROR[41;31m][0m [1mNG9: Property 'classificationComplete' does not exist on type 'MasterProductFormComponent'.[0m [1m[35m[plugin angular-compiler][0m

    src/app/features/catalog/pages/master-products/master-product-form/master-product-form.component.html:292:55:
[37m      292 │ ...ymbols-outlined">{{ [32mclassificationComplete[37m ? 'check_circle' : ...
          ╵                        [32m~~~~~~~~~~~~~~~~~~~~~~[0m

  Error occurs in the template of component MasterProductFormComponent.

    src/app/features/catalog/pages/master-products/master-product-form/master-product-form.component.ts:36:15:
[37m      36 │   templateUrl: [32m'./master-product-form.component.html'[37m,
         ╵                [32m~~~~~~~~~~~~~~~~~~~~~~~~~~~~~~~~~~~~~~[0m


[31mX [41;31m[[41;97mERROR[41;31m][0m [1mNG9: Property 'selectedCategoryLabel' does not exist on type 'MasterProductFormComponent'.[0m [1m[35m[plugin angular-compiler][0m

    src/app/features/catalog/pages/master-products/master-product-form/master-product-form.component.html:295:24:
[37m      295 │               <small>{{ [32mselectedCategoryLabel[37m || (activeLang === ...
          ╵                         [32m~~~~~~~~~~~~~~~~~~~~~[0m

  Error occurs in the template of component MasterProductFormComponent.

    src/app/features/catalog/pages/master-products/master-product-form/master-product-form.component.ts:36:15:
[37m      36 │   templateUrl: [32m'./master-product-form.component.html'[37m,
         ╵                [32m~~~~~~~~~~~~~~~~~~~~~~~~~~~~~~~~~~~~~~[0m

[39m[22m
[1m[31m[31mX [41;31m[[41;97mERROR[41;31m][0m [1mTS-992008: Could not find stylesheet file './master-product-form.component.scss'.[0m [1m[35m[plugin angular-compiler][0m

    src/app/features/catalog/pages/master-products/master-product-form/master-product-form.component.ts:37:12:
[37m      37 │   styleUrl: [32m'./master-product-form.component.scss'[37m
         ╵             [32m~~~~~~~~~~~~~~~~~~~~~~~~~~~~~~~~~~~~~~[0m

[39m[22m
[1m[31m[31mX [41;31m[[41;97mERROR[41;31m][0m [1mTS-992008: Could not find template file './master-product-form.component.html'.[0m [1m[35m[plugin angular-compiler][0m

    src/app/features/catalog/pages/master-products/master-product-form/master-product-form.component.ts:36:15:
[37m      36 │   templateUrl: [32m'./master-product-form.component.html'[37m,
         ╵                [32m~~~~~~~~~~~~~~~~~~~~~~~~~~~~~~~~~~~~~~[0m

[39m[22m
[1m[31m[31mX [41;31m[[41;97mERROR[41;31m][0m [1mTS-992008: Could not find template file './master-product-form.component.html'.[0m [1m[35m[plugin angular-compiler][0m

    src/app/features/catalog/pages/master-products/master-product-form/master-product-form.component.ts:36:15:
[37m      36 │   templateUrl: [32m'./master-product-form.component.html'[37m,
         ╵                [32m~~~~~~~~~~~~~~~~~~~~~~~~~~~~~~~~~~~~~~[0m

[39m[22m
[1m[31m[31mX [41;31m[[41;97mERROR[41;31m][0m [1mTS-992008: Could not find template file './master-product-form.component.html'.[0m [1m[35m[plugin angular-compiler][0m

    src/app/features/catalog/pages/master-products/master-product-form/master-product-form.component.ts:36:15:
[37m      36 │   templateUrl: [32m'./master-product-form.component.html'[37m,
         ╵                [32m~~~~~~~~~~~~~~~~~~~~~~~~~~~~~~~~~~~~~~[0m

[39m[22m
[1m[31m[31mX [41;31m[[41;97mERROR[41;31m][0m [1mNG5002: Opening tag "div" not terminated.[0m [1m[35m[plugin angular-compiler][0m

    src/app/features/catalog/pages/master-products/master-product-form/master-product-form.component.html:48:6:
[37m      48 │       [32m<div class="group flex items-center gap-4 rounded-3xl border[37m...
         ╵       [32m~~~~~~~~~~~~~~~~~~~~~~~~~~~~~~~~~~~~~~~~~~~~~~~~~~~~~~~~~~~~[0m

  Error occurs in the template of component MasterProductFormComponent.

    src/app/features/catalog/pages/master-products/master-product-form/master-product-form.component.ts:36:15:
[37m      36 │   templateUrl: [32m'./master-product-form.component.html'[37m,
         ╵                [32m~~~~~~~~~~~~~~~~~~~~~~~~~~~~~~~~~~~~~~[0m


[31mX [41;31m[[41;97mERROR[41;31m][0m [1mNG5002: Unexpected closing tag "div". It may happen when the tag has already been closed by another tag. For more info see https://www.w3.org/TR/html5/syntax.html#closing-elements-that-have-implied-end-tags[0m [1m[35m[plugin angular-compiler][0m

    src/app/features/catalog/pages/master-products/master-product-form/master-product-form.component.html:59:6:
[37m      59 │       [32m</div>[37m
         ╵       [32m~~~~~~[0m

  Error occurs in the template of component MasterProductFormComponent.

    src/app/features/catalog/pages/master-products/master-product-form/master-product-form.component.ts:36:15:
[37m      36 │   templateUrl: [32m'./master-product-form.component.html'[37m,
         ╵                [32m~~~~~~~~~~~~~~~~~~~~~~~~~~~~~~~~~~~~~~[0m


[31mX [41;31m[[41;97mERROR[41;31m][0m [1mNG5002: Opening tag "div" not terminated.[0m [1m[35m[plugin angular-compiler][0m

    src/app/features/catalog/pages/master-products/master-product-form/master-product-form.component.html:61:6:
[37m      61 │       [32m<div class="group flex items-center gap-4 rounded-3xl border[37m...
         ╵       [32m~~~~~~~~~~~~~~~~~~~~~~~~~~~~~~~~~~~~~~~~~~~~~~~~~~~~~~~~~~~~[0m

  Error occurs in the template of component MasterProductFormComponent.

    src/app/features/catalog/pages/master-products/master-product-form/master-product-form.component.ts:36:15:
[37m      36 │   templateUrl: [32m'./master-product-form.component.html'[37m,
         ╵                [32m~~~~~~~~~~~~~~~~~~~~~~~~~~~~~~~~~~~~~~[0m


[31mX [41;31m[[41;97mERROR[41;31m][0m [1mNG5002: Unexpected closing tag "div". It may happen when the tag has already been closed by another tag. For more info see https://www.w3.org/TR/html5/syntax.html#closing-elements-that-have-implied-end-tags[0m [1m[35m[plugin angular-compiler][0m

    src/app/features/catalog/pages/master-products/master-product-form/master-product-form.component.html:72:6:
[37m      72 │       [32m</div>[37m
         ╵       [32m~~~~~~[0m

  Error occurs in the template of component MasterProductFormComponent.

    src/app/features/catalog/pages/master-products/master-product-form/master-product-form.component.ts:36:15:
[37m      36 │   templateUrl: [32m'./master-product-form.component.html'[37m,
         ╵                [32m~~~~~~~~~~~~~~~~~~~~~~~~~~~~~~~~~~~~~~[0m


[31mX [41;31m[[41;97mERROR[41;31m][0m [1mNG5002: Unexpected closing tag "section". It may happen when the tag has already been closed by another tag. For more info see https://www.w3.org/TR/html5/syntax.html#closing-elements-that-have-implied-end-tags[0m [1m[35m[plugin angular-compiler][0m

    src/app/features/catalog/pages/master-products/master-product-form/master-product-form.component.html:93:4:
[37m      93 │     [32m</section>[37m
         ╵     [32m~~~~~~~~~~[0m

  Error occurs in the template of component MasterProductFormComponent.

    src/app/features/catalog/pages/master-products/master-product-form/master-product-form.component.ts:36:15:
[37m      36 │   templateUrl: [32m'./master-product-form.component.html'[37m,
         ╵                [32m~~~~~~~~~~~~~~~~~~~~~~~~~~~~~~~~~~~~~~[0m


[31mX [41;31m[[41;97mERROR[41;31m][0m [1mNG5002: Unexpected closing tag "form". It may happen when the tag has already been closed by another tag. For more info see https://www.w3.org/TR/html5/syntax.html#closing-elements-that-have-implied-end-tags[0m [1m[35m[plugin angular-compiler][0m

    src/app/features/catalog/pages/master-products/master-product-form/master-product-form.component.html:391:2:
[37m      391 │   [32m</form>[37m
          ╵   [32m~~~~~~~[0m

  Error occurs in the template of component MasterProductFormComponent.

    src/app/features/catalog/pages/master-products/master-product-form/master-product-form.component.ts:36:15:
[37m      36 │   templateUrl: [32m'./master-product-form.component.html'[37m,
         ╵                [32m~~~~~~~~~~~~~~~~~~~~~~~~~~~~~~~~~~~~~~[0m


[31mX [41;31m[[41;97mERROR[41;31m][0m [1mNG5002: Unexpected closing tag "div". It may happen when the tag has already been closed by another tag. For more info see https://www.w3.org/TR/html5/syntax.html#closing-elements-that-have-implied-end-tags[0m [1m[35m[plugin angular-compiler][0m

    src/app/features/catalog/pages/master-products/master-product-form/master-product-form.component.html:392:0:
[37m      392 │ [32m</div>[37m
          ╵ [32m~~~~~~[0m

  Error occurs in the template of component MasterProductFormComponent.

    src/app/features/catalog/pages/master-products/master-product-form/master-product-form.component.ts:36:15:
[37m      36 │   templateUrl: [32m'./master-product-form.component.html'[37m,
         ╵                [32m~~~~~~~~~~~~~~~~~~~~~~~~~~~~~~~~~~~~~~[0m

[39m[22m
[1m[31m[31mX [41;31m[[41;97mERROR[41;31m][0m [1mTS-992008: Could not find template file './roles-management.component.html'.[0m [1m[35m[plugin angular-compiler][0m

    src/app/features/admin-users/pages/roles/roles-management.component.ts:38:15:
[37m      38 │   templateUrl: [32m'./roles-management.component.html'[37m,
         ╵                [32m~~~~~~~~~~~~~~~~~~~~~~~~~~~~~~~~~~~[0m

[39m[22m
[1m[31m[31mX [41;31m[[41;97mERROR[41;31m][0m [1mTS-992008: Could not find template file './roles-management.component.html'.[0m [1m[35m[plugin angular-compiler][0m

    src/app/features/admin-users/pages/roles/roles-management.component.ts:38:15:
[37m      38 │   templateUrl: [32m'./roles-management.component.html'[37m,
         ╵                [32m~~~~~~~~~~~~~~~~~~~~~~~~~~~~~~~~~~~[0m

[39m[22m
[1m[31m[31mX [41;31m[[41;97mERROR[41;31m][0m [1mTS2304: Cannot find name 'UserEffectiveAccessDto'.[0m [1m[35m[plugin angular-compiler][0m

    src/app/core/services/admin-access-api.service.ts:113:53:
[37m      113 │ ...ctiveAccess(userId: string): Observable<[32mUserEffectiveAccessDto[37m> {
          ╵                                            [32m~~~~~~~~~~~~~~~~~~~~~~[0m


[31mX [41;31m[[41;97mERROR[41;31m][0m [1mTS2304: Cannot find name 'UserEffectiveAccessDto'.[0m [1m[35m[plugin angular-compiler][0m

    src/app/core/services/admin-access-api.service.ts:114:25:
[37m      114 │ ...eturn this.http.get<[32mUserEffectiveAccessDto[37m>(`${this.baseUrl}/u...
          ╵                        [32m~~~~~~~~~~~~~~~~~~~~~~[0m


[31mX [41;31m[[41;97mERROR[41;31m][0m [1mTS-992008: Could not find template file './roles-management.component.html'.[0m [1m[35m[plugin angular-compiler][0m

    src/app/features/admin-users/pages/roles/roles-management.component.ts:38:15:
[37m      38 │   templateUrl: [32m'./roles-management.component.html'[37m,
         ╵                [32m~~~~~~~~~~~~~~~~~~~~~~~~~~~~~~~~~~~[0m

[39m[22m
[1m[31m[31mX [41;31m[[41;97mERROR[41;31m][0m [1mNG9: Property 'isRTL' does not exist on type 'RolesManagementComponent'.[0m [1m[35m[plugin angular-compiler][0m

    src/app/features/admin-users/pages/roles/roles-management.component.html:1:87:
[37m      1 │ ...0/50 font-sans overflow-hidden" [attr.dir]="[32misRTL[37m ? 'rtl' : 'ltr'">
        ╵                                                [32m~~~~~[0m

  Error occurs in the template of component RolesManagementComponent.

    src/app/features/admin-users/pages/roles/roles-management.component.ts:38:15:
[37m      38 │   templateUrl: [32m'./roles-management.component.html'[37m,
         ╵                [32m~~~~~~~~~~~~~~~~~~~~~~~~~~~~~~~~~~~[0m


[31mX [41;31m[[41;97mERROR[41;31m][0m [1mNG9: Property 'isRTL' does not exist on type 'RolesManagementComponent'.[0m [1m[35m[plugin angular-compiler][0m

    src/app/features/admin-users/pages/roles/roles-management.component.html:8:82:
[37m      8 │ ...-outlined text-[22px]" [class.rotate-180]="[32misRTL[37m">arrow_back</span>
        ╵                                               [32m~~~~~[0m

  Error occurs in the template of component RolesManagementComponent.

    src/app/features/admin-users/pages/roles/roles-management.component.ts:38:15:
[37m      38 │   templateUrl: [32m'./roles-management.component.html'[37m,
         ╵                [32m~~~~~~~~~~~~~~~~~~~~~~~~~~~~~~~~~~~[0m


[31mX [41;31m[[41;97mERROR[41;31m][0m [1mNG9: Property 'trackByRoleId' does not exist on type 'RolesManagementComponent'.[0m [1m[35m[plugin angular-compiler][0m

    src/app/features/admin-users/pages/roles/roles-management.component.html:28:49:
[37m      28 │         <div *ngFor="let role of roles; trackBy: [32mtrackByRoleId[37m"
         ╵                                                  [32m~~~~~~~~~~~~~[0m

  Error occurs in the template of component RolesManagementComponent.

    src/app/features/admin-users/pages/roles/roles-management.component.ts:38:15:
[37m      38 │   templateUrl: [32m'./roles-management.component.html'[37m,
         ╵                [32m~~~~~~~~~~~~~~~~~~~~~~~~~~~~~~~~~~~[0m


[31mX [41;31m[[41;97mERROR[41;31m][0m [1mNG9: Property 'detailTabs' does not exist on type 'RolesManagementComponent'.[0m [1m[35m[plugin angular-compiler][0m

    src/app/features/admin-users/pages/roles/roles-management.component.html:127:39:
[37m      127 │ ...button *ngFor="let tab of [32mdetailTabs[37m" (click)="activeDetailTab...
          ╵                              [32m~~~~~~~~~~[0m

  Error occurs in the template of component RolesManagementComponent.

    src/app/features/admin-users/pages/roles/roles-management.component.ts:38:15:
[37m      38 │   templateUrl: [32m'./roles-management.component.html'[37m,
         ╵                [32m~~~~~~~~~~~~~~~~~~~~~~~~~~~~~~~~~~~[0m


[31mX [41;31m[[41;97mERROR[41;31m][0m [1mNG9: Property 'activeDetailTab' does not exist on type 'RolesManagementComponent'.[0m [1m[35m[plugin angular-compiler][0m

    src/app/features/admin-users/pages/roles/roles-management.component.html:127:60:
[37m      127 │ ...*ngFor="let tab of detailTabs" (click)="[32mactiveDetailTab[37m = tab.id"
          ╵                                            [32m~~~~~~~~~~~~~~~[0m

  Error occurs in the template of component RolesManagementComponent.

    src/app/features/admin-users/pages/roles/roles-management.component.ts:38:15:
[37m      38 │   templateUrl: [32m'./roles-management.component.html'[37m,
         ╵                [32m~~~~~~~~~~~~~~~~~~~~~~~~~~~~~~~~~~~[0m


[31mX [41;31m[[41;97mERROR[41;31m][0m [1mNG9: Property 'activeDetailTab' does not exist on type 'RolesManagementComponent'.[0m [1m[35m[plugin angular-compiler][0m

    src/app/features/admin-users/pages/roles/roles-management.component.html:129:25:
[37m      129 │               [ngClass]="[32mactiveDetailTab[37m === tab.id ? 'text-zadna...
          ╵                          [32m~~~~~~~~~~~~~~~[0m

  Error occurs in the template of component RolesManagementComponent.

    src/app/features/admin-users/pages/roles/roles-management.component.ts:38:15:
[37m      38 │   templateUrl: [32m'./roles-management.component.html'[37m,
         ╵                [32m~~~~~~~~~~~~~~~~~~~~~~~~~~~~~~~~~~~[0m


[31mX [41;31m[[41;97mERROR[41;31m][0m [1mNG9: Property 'activeDetailTab' does not exist on type 'RolesManagementComponent'.[0m [1m[35m[plugin angular-compiler][0m

    src/app/features/admin-users/pages/roles/roles-management.component.html:134:26:
[37m      134 │               <div *ngIf="[32mactiveDetailTab[37m === tab.id" class="abso...
          ╵                           [32m~~~~~~~~~~~~~~~[0m

  Error occurs in the template of component RolesManagementComponent.

    src/app/features/admin-users/pages/roles/roles-management.component.ts:38:15:
[37m      38 │   templateUrl: [32m'./roles-management.component.html'[37m,
         ╵                [32m~~~~~~~~~~~~~~~~~~~~~~~~~~~~~~~~~~~[0m


[31mX [41;31m[[41;97mERROR[41;31m][0m [1mNG9: Property 'activeDetailTab' does not exist on type 'RolesManagementComponent'.[0m [1m[35m[plugin angular-compiler][0m

    src/app/features/admin-users/pages/roles/roles-management.component.html:140:20:
[37m      140 │         <div *ngIf="[32mactiveDetailTab[37m === 'permissions'" class="p-6...
          ╵                     [32m~~~~~~~~~~~~~~~[0m

  Error occurs in the template of component RolesManagementComponent.

    src/app/features/admin-users/pages/roles/roles-management.component.ts:38:15:
[37m      38 │   templateUrl: [32m'./roles-management.component.html'[37m,
         ╵                [32m~~~~~~~~~~~~~~~~~~~~~~~~~~~~~~~~~~~[0m


[31mX [41;31m[[41;97mERROR[41;31m][0m [1mNG9: Property 'icon' does not exist on type 'PermissionGroup'.[0m [1m[35m[plugin angular-compiler][0m

    src/app/features/admin-users/pages/roles/roles-management.component.html:162:100:
[37m      162 │ ...d text-[16px] text-slate-500">{{ group.[32micon[37m || 'folder' }}</span>
          ╵                                           [32m~~~~[0m

  Error occurs in the template of component RolesManagementComponent.

    src/app/features/admin-users/pages/roles/roles-management.component.ts:38:15:
[37m      38 │   templateUrl: [32m'./roles-management.component.html'[37m,
         ╵                [32m~~~~~~~~~~~~~~~~~~~~~~~~~~~~~~~~~~~[0m


[31mX [41;31m[[41;97mERROR[41;31m][0m [1mNG9: Property 'activeDetailTab' does not exist on type 'RolesManagementComponent'.[0m [1m[35m[plugin angular-compiler][0m

    src/app/features/admin-users/pages/roles/roles-management.component.html:205:20:
[37m      205 │         <div *ngIf="[32mactiveDetailTab[37m === 'email'" class="p-6 lg:p-8">
          ╵                     [32m~~~~~~~~~~~~~~~[0m

  Error occurs in the template of component RolesManagementComponent.

    src/app/features/admin-users/pages/roles/roles-management.component.ts:38:15:
[37m      38 │   templateUrl: [32m'./roles-management.component.html'[37m,
         ╵                [32m~~~~~~~~~~~~~~~~~~~~~~~~~~~~~~~~~~~[0m


[31mX [41;31m[[41;97mERROR[41;31m][0m [1mNG9: Property 'notificationEmails' does not exist on type 'CustomRole'.[0m [1m[35m[plugin angular-compiler][0m

    src/app/features/admin-users/pages/roles/roles-management.component.html:232:50:
[37m      232 │ ...Model)]="selectedRole.[32mnotificationEmails[37m" dir="ltr" rows="3" p...
          ╵                          [32m~~~~~~~~~~~~~~~~~~[0m

  Error occurs in the template of component RolesManagementComponent.

    src/app/features/admin-users/pages/roles/roles-management.component.ts:38:15:
[37m      38 │   templateUrl: [32m'./roles-management.component.html'[37m,
         ╵                [32m~~~~~~~~~~~~~~~~~~~~~~~~~~~~~~~~~~~[0m


[31mX [41;31m[[41;97mERROR[41;31m][0m [1mNG9: Property 'notificationEmails' does not exist on type 'CustomRole'.[0m [1m[35m[plugin angular-compiler][0m

    src/app/features/admin-users/pages/roles/roles-management.component.html:232:50:
[37m      232 │ ...Model)]="selectedRole.[32mnotificationEmails[37m" dir="ltr" rows="3" p...
          ╵                          [32m~~~~~~~~~~~~~~~~~~[0m

  Error occurs in the template of component RolesManagementComponent.

    src/app/features/admin-users/pages/roles/roles-management.component.ts:38:15:
[37m      38 │   templateUrl: [32m'./roles-management.component.html'[37m,
         ╵                [32m~~~~~~~~~~~~~~~~~~~~~~~~~~~~~~~~~~~[0m


[31mX [41;31m[[41;97mERROR[41;31m][0m [1mNG9: Property 'activeDetailTab' does not exist on type 'RolesManagementComponent'.[0m [1m[35m[plugin angular-compiler][0m

    src/app/features/admin-users/pages/roles/roles-management.component.html:241:20:
[37m      241 │         <div *ngIf="[32mactiveDetailTab[37m === 'users'" class="p-6 lg:p-8">
          ╵                     [32m~~~~~~~~~~~~~~~[0m

  Error occurs in the template of component RolesManagementComponent.

    src/app/features/admin-users/pages/roles/roles-management.component.ts:38:15:
[37m      38 │   templateUrl: [32m'./roles-management.component.html'[37m,
         ╵                [32m~~~~~~~~~~~~~~~~~~~~~~~~~~~~~~~~~~~[0m

[39m[22m
[1m[31m[31mX [41;31m[[41;97mERROR[41;31m][0m [1mNG9: Property 'icon' does not exist on type 'PermissionGroup'.[0m [1m[35m[plugin angular-compiler][0m

    src/app/features/admin-users/pages/roles/roles-management.component.html:162:100:
[37m      162 │ ...d text-[16px] text-slate-500">{{ group.[32micon[37m || 'folder' }}</span>
          ╵                                           [32m~~~~[0m

  Error occurs in the template of component RolesManagementComponent.

    src/app/features/admin-users/pages/roles/roles-management.component.ts:39:15:
[37m      39 │   templateUrl: [32m'./roles-management.component.html'[37m,
         ╵                [32m~~~~~~~~~~~~~~~~~~~~~~~~~~~~~~~~~~~[0m

[39m[22m
[1m[31m[31mX [41;31m[[41;97mERROR[41;31m][0m [1mNG9: Property 'icon' does not exist on type 'PermissionGroup'.[0m [1m[35m[plugin angular-compiler][0m

    src/app/features/admin-users/pages/roles/roles-management.component.html:162:100:
[37m      162 │ ...d text-[16px] text-slate-500">{{ group.[32micon[37m || 'folder' }}</span>
          ╵                                           [32m~~~~[0m

  Error occurs in the template of component RolesManagementComponent.

    src/app/features/admin-users/pages/roles/roles-management.component.ts:39:15:
[37m      39 │   templateUrl: [32m'./roles-management.component.html'[37m,
         ╵                [32m~~~~~~~~~~~~~~~~~~~~~~~~~~~~~~~~~~~[0m

[39m[22m
[1m[31m[31mX [41;31m[[41;97mERROR[41;31m][0m [1mNG9: Property 'systemRolesCount' does not exist on type 'RolesManagementComponent'.[0m [1m[35m[plugin angular-compiler][0m

    src/app/features/admin-users/pages/roles/roles-management.component.html:12:93:
[37m      12 │ ...oles.length }} دور �[32m� {{ systemRoles[37mCount }} نظامي •...
         ╵                         [32m~~~~~~~~~~~~~~~~[0m

  Error occurs in the template of component RolesManagementComponent.

    src/app/features/admin-users/pages/roles/roles-management.component.ts:39:15:
[37m      39 │   templateUrl: [32m'./roles-management.component.html'[37m,
         ╵                [32m~~~~~~~~~~~~~~~~~~~~~~~~~~~~~~~~~~~[0m


[31mX [41;31m[[41;97mERROR[41;31m][0m [1mNG9: Property 'customRolesCount' does not exist on type 'RolesManagementComponent'.[0m [1m[35m[plugin angular-compiler][0m

    src/app/features/admin-users/pages/roles/roles-management.component.html:12:124:
[37m      12 │ ...stemRolesCount }} نظا[32mمي • {{ cust[37momRolesCount }} مخص�...
         ╵                         [32m~~~~~~~~~~~~[0m

  Error occurs in the template of component RolesManagementComponent.

    src/app/features/admin-users/pages/roles/roles-management.component.ts:39:15:
[37m      39 │   templateUrl: [32m'./roles-management.component.html'[37m,
         ╵                [32m~~~~~~~~~~~~~~~~~~~~~~~~~~~~~~~~~~~[0m


[31mX [41;31m[[41;97mERROR[41;31m][0m [1mNG1: Object is possibly 'null'.[0m [1m[35m[plugin angular-compiler][0m

    src/app/features/admin-users/pages/roles/roles-management.component.html:110:45:
[37m      110 │ ...  <th *ngIf="!selectedRole.[32misSystem[37m" class="text-center px-2 p...
          ╵                               [32m~~~~~~~~[0m

  Error occurs in the template of component RolesManagementComponent.

    src/app/features/admin-users/pages/roles/roles-management.component.ts:39:15:
[37m      39 │   templateUrl: [32m'./roles-management.component.html'[37m,
         ╵                [32m~~~~~~~~~~~~~~~~~~~~~~~~~~~~~~~~~~~[0m


[31mX [41;31m[[41;97mERROR[41;31m][0m [1mNG1: Object is possibly 'null'.[0m [1m[35m[plugin angular-compiler][0m

    src/app/features/admin-users/pages/roles/roles-management.component.html:123:108:
[37m      123 │ ...sor-pointer" [class.pointer-events-none]="selectedRole.[32misSystem[37m">
          ╵                                                           [32m~~~~~~~~[0m

  Error occurs in the template of component RolesManagementComponent.

    src/app/features/admin-users/pages/roles/roles-management.component.ts:39:15:
[37m      39 │   templateUrl: [32m'./roles-management.component.html'[37m,
         ╵                [32m~~~~~~~~~~~~~~~~~~~~~~~~~~~~~~~~~~~[0m


[31mX [41;31m[[41;97mERROR[41;31m][0m [1mNG1: Object is possibly 'null'.[0m [1m[35m[plugin angular-compiler][0m

    src/app/features/admin-users/pages/roles/roles-management.component.html:124:164:
[37m      124 │ ...tion)" [disabled]="selectedRole.[32misSystem[37m" class="sr-only peer" />
          ╵                                    [32m~~~~~~~~[0m

  Error occurs in the template of component RolesManagementComponent.

    src/app/features/admin-users/pages/roles/roles-management.component.ts:39:15:
[37m      39 │   templateUrl: [32m'./roles-management.component.html'[37m,
         ╵                [32m~~~~~~~~~~~~~~~~~~~~~~~~~~~~~~~~~~~[0m


[31mX [41;31m[[41;97mERROR[41;31m][0m [1mNG1: Object is possibly 'null'.[0m [1m[35m[plugin angular-compiler][0m

    src/app/features/admin-users/pages/roles/roles-management.component.html:133:45:
[37m      133 │ ...  <td *ngIf="!selectedRole.[32misSystem[37m" class="text-center px-2 p...
          ╵                               [32m~~~~~~~~[0m

  Error occurs in the template of component RolesManagementComponent.

    src/app/features/admin-users/pages/roles/roles-management.component.ts:39:15:
[37m      39 │   templateUrl: [32m'./roles-management.component.html'[37m,
         ╵                [32m~~~~~~~~~~~~~~~~~~~~~~~~~~~~~~~~~~~[0m


[31mX [41;31m[[41;97mERROR[41;31m][0m [1mNG1: Object is possibly 'null'.[0m [1m[35m[plugin angular-compiler][0m

    src/app/features/admin-users/pages/roles/roles-management.component.html:144:38:
[37m      144 │ ... <div *ngIf="!selectedRole.[32misSystem[37m" class="flex justify-end m...
          ╵                               [32m~~~~~~~~[0m

  Error occurs in the template of component RolesManagementComponent.

    src/app/features/admin-users/pages/roles/roles-management.component.ts:39:15:
[37m      39 │   templateUrl: [32m'./roles-management.component.html'[37m,
         ╵                [32m~~~~~~~~~~~~~~~~~~~~~~~~~~~~~~~~~~~[0m


[31mX [41;31m[[41;97mERROR[41;31m][0m [1mNG1: Object is possibly 'null'.[0m [1m[35m[plugin angular-compiler][0m

    src/app/features/admin-users/pages/roles/roles-management.component.html:160:62:
[37m      160 │ ...l" [(ngModel)]="selectedRole.[32memail[37m" dir="ltr" placeholder="fin...
          ╵                                 [32m~~~~~[0m

  Error occurs in the template of component RolesManagementComponent.

    src/app/features/admin-users/pages/roles/roles-management.component.ts:39:15:
[37m      39 │   templateUrl: [32m'./roles-management.component.html'[37m,
         ╵                [32m~~~~~~~~~~~~~~~~~~~~~~~~~~~~~~~~~~~[0m


[31mX [41;31m[[41;97mERROR[41;31m][0m [1mNG1: Object is possibly 'null'.[0m [1m[35m[plugin angular-compiler][0m

    src/app/features/admin-users/pages/roles/roles-management.component.html:160:62:
[37m      160 │ ...l" [(ngModel)]="selectedRole.[32memail[37m" dir="ltr" placeholder="fin...
          ╵                                 [32m~~~~~[0m

  Error occurs in the template of component RolesManagementComponent.

    src/app/features/admin-users/pages/roles/roles-management.component.ts:39:15:
[37m      39 │   templateUrl: [32m'./roles-management.component.html'[37m,
         ╵                [32m~~~~~~~~~~~~~~~~~~~~~~~~~~~~~~~~~~~[0m


[31mX [41;31m[[41;97mERROR[41;31m][0m [1mNG1: Object is possibly 'null'.[0m [1m[35m[plugin angular-compiler][0m

    src/app/features/admin-users/pages/roles/roles-management.component.html:161:43:
[37m      161 │                   [disabled]="selectedRole.[32misSystem[37m"
          ╵                                            [32m~~~~~~~~[0m

  Error occurs in the template of component RolesManagementComponent.

    src/app/features/admin-users/pages/roles/roles-management.component.ts:39:15:
[37m      39 │   templateUrl: [32m'./roles-management.component.html'[37m,
         ╵                [32m~~~~~~~~~~~~~~~~~~~~~~~~~~~~~~~~~~~[0m


[31mX [41;31m[[41;97mERROR[41;31m][0m [1mNG1: Object is possibly 'null'.[0m [1m[35m[plugin angular-compiler][0m

    src/app/features/admin-users/pages/roles/roles-management.component.html:170:52:
[37m      170 │ ...Model)]="selectedRole.[32mnotificationEmails[37m" dir="ltr" rows="2" p...
          ╵                          [32m~~~~~~~~~~~~~~~~~~[0m

  Error occurs in the template of component RolesManagementComponent.

    src/app/features/admin-users/pages/roles/roles-management.component.ts:39:15:
[37m      39 │   templateUrl: [32m'./roles-management.component.html'[37m,
         ╵                [32m~~~~~~~~~~~~~~~~~~~~~~~~~~~~~~~~~~~[0m


[31mX [41;31m[[41;97mERROR[41;31m][0m [1mNG1: Object is possibly 'null'.[0m [1m[35m[plugin angular-compiler][0m

    src/app/features/admin-users/pages/roles/roles-management.component.html:170:52:
[37m      170 │ ...Model)]="selectedRole.[32mnotificationEmails[37m" dir="ltr" rows="2" p...
          ╵                          [32m~~~~~~~~~~~~~~~~~~[0m

  Error occurs in the template of component RolesManagementComponent.

    src/app/features/admin-users/pages/roles/roles-management.component.ts:39:15:
[37m      39 │   templateUrl: [32m'./roles-management.component.html'[37m,
         ╵                [32m~~~~~~~~~~~~~~~~~~~~~~~~~~~~~~~~~~~[0m


[31mX [41;31m[[41;97mERROR[41;31m][0m [1mNG1: Object is possibly 'null'.[0m [1m[35m[plugin angular-compiler][0m

    src/app/features/admin-users/pages/roles/roles-management.component.html:171:43:
[37m      171 │                   [disabled]="selectedRole.[32misSystem[37m"
          ╵                                            [32m~~~~~~~~[0m

  Error occurs in the template of component RolesManagementComponent.

    src/app/features/admin-users/pages/roles/roles-management.component.ts:39:15:
[37m      39 │   templateUrl: [32m'./roles-management.component.html'[37m,
         ╵                [32m~~~~~~~~~~~~~~~~~~~~~~~~~~~~~~~~~~~[0m


[31mX [41;31m[[41;97mERROR[41;31m][0m [1mNG1: Object is possibly 'null'.[0m [1m[35m[plugin angular-compiler][0m

    src/app/features/admin-users/pages/roles/roles-management.component.html:182:80:
[37m      182 │ ...xt-slate-900 mt-2">{{ selectedRole.[32musersCount[37m }} مستخدم</p>
          ╵                                       [32m~~~~~~~~~~[0m

  Error occurs in the template of component RolesManagementComponent.

    src/app/features/admin-users/pages/roles/roles-management.component.ts:39:15:
[37m      39 │   templateUrl: [32m'./roles-management.component.html'[37m,
         ╵                [32m~~~~~~~~~~~~~~~~~~~~~~~~~~~~~~~~~~~[0m


[31mX [41;31m[[41;97mERROR[41;31m][0m [1mNG1: Object is possibly 'null'.[0m [1m[35m[plugin angular-compiler][0m

    src/app/features/admin-users/pages/roles/roles-management.component.html:188:36:
[37m      188 │ ... <div *ngIf="!selectedRole.[32misSystem[37m" class="flex items-center ...
          ╵                               [32m~~~~~~~~[0m

  Error occurs in the template of component RolesManagementComponent.

    src/app/features/admin-users/pages/roles/roles-management.component.ts:39:15:
[37m      39 │   templateUrl: [32m'./roles-management.component.html'[37m,
         ╵                [32m~~~~~~~~~~~~~~~~~~~~~~~~~~~~~~~~~~~[0m


[31mX [41;31m[[41;97mERROR[41;31m][0m [1mNG5: Argument of type 'CustomRole | null' is not assignable to parameter of type 'CustomRole'.
  Type 'null' is not assignable to type 'CustomRole'.[0m [1m[35m[plugin angular-compiler][0m

    src/app/features/admin-users/pages/roles/roles-management.component.html:189:40:
[37m      189 │ ...tton (click)="deleteRole([32mselectedRole[37m)" class="h-9 px-4 rounde...
          ╵                             [32m~~~~~~~~~~~~[0m

  Error occurs in the template of component RolesManagementComponent.

    src/app/features/admin-users/pages/roles/roles-management.component.ts:39:15:
[37m      39 │   templateUrl: [32m'./roles-management.component.html'[37m,
         ╵                [32m~~~~~~~~~~~~~~~~~~~~~~~~~~~~~~~~~~~[0m


[31mX [41;31m[[41;97mERROR[41;31m][0m [1mNG9: Property 'accessLevelOptions' does not exist on type 'RolesManagementComponent'.[0m [1m[35m[plugin angular-compiler][0m

    src/app/features/admin-users/pages/roles/roles-management.component.html:242:41:
[37m      242 │ ...on *ngFor="let lvl of [32maccessLevelOptions[37m" type="button" (click...
          ╵                          [32m~~~~~~~~~~~~~~~~~~[0m

  Error occurs in the template of component RolesManagementComponent.

    src/app/features/admin-users/pages/roles/roles-management.component.ts:39:15:
[37m      39 │   templateUrl: [32m'./roles-management.component.html'[37m,
         ╵                [32m~~~~~~~~~~~~~~~~~~~~~~~~~~~~~~~~~~~[0m


[31mX [41;31m[[41;97mERROR[41;31m][0m [1mNG9: Property 'panelScopeOptions' does not exist on type 'RolesManagementComponent'.[0m [1m[35m[plugin angular-compiler][0m

    src/app/features/admin-users/pages/roles/roles-management.component.html:253:43:
[37m      253 │ ...n *ngFor="let scope of [32mpanelScopeOptions[37m" type="button" (click...
          ╵                           [32m~~~~~~~~~~~~~~~~~[0m

  Error occurs in the template of component RolesManagementComponent.

    src/app/features/admin-users/pages/roles/roles-management.component.ts:39:15:
[37m      39 │   templateUrl: [32m'./roles-management.component.html'[37m,
         ╵                [32m~~~~~~~~~~~~~~~~~~~~~~~~~~~~~~~~~~~[0m


[31mX [41;31m[[41;97mERROR[41;31m][0m [1mNG9: Property 'newRoleNotificationEmails' does not exist on type 'RolesManagementComponent'.[0m [1m[35m[plugin angular-compiler][0m

    src/app/features/admin-users/pages/roles/roles-management.component.html:266:42:
[37m      266 │ ...text" [(ngModel)]="[32mnewRoleNotificationEmails[37m" dir="ltr" placeh...
          ╵                       [32m~~~~~~~~~~~~~~~~~~~~~~~~~[0m

  Error occurs in the template of component RolesManagementComponent.

    src/app/features/admin-users/pages/roles/roles-management.component.ts:39:15:
[37m      39 │   templateUrl: [32m'./roles-management.component.html'[37m,
         ╵                [32m~~~~~~~~~~~~~~~~~~~~~~~~~~~~~~~~~~~[0m


[31mX [41;31m[[41;97mERROR[41;31m][0m [1mNG9: Property 'newRoleNotificationEmails' does not exist on type 'RolesManagementComponent'.[0m [1m[35m[plugin angular-compiler][0m

    src/app/features/admin-users/pages/roles/roles-management.component.html:266:42:
[37m      266 │ ...text" [(ngModel)]="[32mnewRoleNotificationEmails[37m" dir="ltr" placeh...
          ╵                       [32m~~~~~~~~~~~~~~~~~~~~~~~~~[0m

  Error occurs in the template of component RolesManagementComponent.

    src/app/features/admin-users/pages/roles/roles-management.component.ts:39:15:
[37m      39 │   templateUrl: [32m'./roles-management.component.html'[37m,
         ╵                [32m~~~~~~~~~~~~~~~~~~~~~~~~~~~~~~~~~~~[0m

[39m[22m
[1m[31m[31mX [41;31m[[41;97mERROR[41;31m][0m [1mNG1: Object is possibly 'null'.[0m [1m[35m[plugin angular-compiler][0m

    src/app/features/admin-users/pages/roles/roles-management.component.html:110:45:
[37m      110 │ ...  <th *ngIf="!selectedRole.[32misSystem[37m" class="text-center px-2 p...
          ╵                               [32m~~~~~~~~[0m

  Error occurs in the template of component RolesManagementComponent.

    src/app/features/admin-users/pages/roles/roles-management.component.ts:39:15:
[37m      39 │   templateUrl: [32m'./roles-management.component.html'[37m,
         ╵                [32m~~~~~~~~~~~~~~~~~~~~~~~~~~~~~~~~~~~[0m


[31mX [41;31m[[41;97mERROR[41;31m][0m [1mNG1: Object is possibly 'null'.[0m [1m[35m[plugin angular-compiler][0m

    src/app/features/admin-users/pages/roles/roles-management.component.html:123:108:
[37m      123 │ ...sor-pointer" [class.pointer-events-none]="selectedRole.[32misSystem[37m">
          ╵                                                           [32m~~~~~~~~[0m

  Error occurs in the template of component RolesManagementComponent.

    src/app/features/admin-users/pages/roles/roles-management.component.ts:39:15:
[37m      39 │   templateUrl: [32m'./roles-management.component.html'[37m,
         ╵                [32m~~~~~~~~~~~~~~~~~~~~~~~~~~~~~~~~~~~[0m


[31mX [41;31m[[41;97mERROR[41;31m][0m [1mNG1: Object is possibly 'null'.[0m [1m[35m[plugin angular-compiler][0m

    src/app/features/admin-users/pages/roles/roles-management.component.html:124:164:
[37m      124 │ ...tion)" [disabled]="selectedRole.[32misSystem[37m" class="sr-only peer" />
          ╵                                    [32m~~~~~~~~[0m

  Error occurs in the template of component RolesManagementComponent.

    src/app/features/admin-users/pages/roles/roles-management.component.ts:39:15:
[37m      39 │   templateUrl: [32m'./roles-management.component.html'[37m,
         ╵                [32m~~~~~~~~~~~~~~~~~~~~~~~~~~~~~~~~~~~[0m


[31mX [41;31m[[41;97mERROR[41;31m][0m [1mNG1: Object is possibly 'null'.[0m [1m[35m[plugin angular-compiler][0m

    src/app/features/admin-users/pages/roles/roles-management.component.html:133:45:
[37m      133 │ ...  <td *ngIf="!selectedRole.[32misSystem[37m" class="text-center px-2 p...
          ╵                               [32m~~~~~~~~[0m

  Error occurs in the template of component RolesManagementComponent.

    src/app/features/admin-users/pages/roles/roles-management.component.ts:39:15:
[37m      39 │   templateUrl: [32m'./roles-management.component.html'[37m,
         ╵                [32m~~~~~~~~~~~~~~~~~~~~~~~~~~~~~~~~~~~[0m


[31mX [41;31m[[41;97mERROR[41;31m][0m [1mNG1: Object is possibly 'null'.[0m [1m[35m[plugin angular-compiler][0m

    src/app/features/admin-users/pages/roles/roles-management.component.html:144:38:
[37m      144 │ ... <div *ngIf="!selectedRole.[32misSystem[37m" class="flex justify-end m...
          ╵                               [32m~~~~~~~~[0m

  Error occurs in the template of component RolesManagementComponent.

    src/app/features/admin-users/pages/roles/roles-management.component.ts:39:15:
[37m      39 │   templateUrl: [32m'./roles-management.component.html'[37m,
         ╵                [32m~~~~~~~~~~~~~~~~~~~~~~~~~~~~~~~~~~~[0m


[31mX [41;31m[[41;97mERROR[41;31m][0m [1mNG1: Object is possibly 'null'.[0m [1m[35m[plugin angular-compiler][0m

    src/app/features/admin-users/pages/roles/roles-management.component.html:160:62:
[37m      160 │ ...l" [(ngModel)]="selectedRole.[32memail[37m" dir="ltr" placeholder="fin...
          ╵                                 [32m~~~~~[0m

  Error occurs in the template of component RolesManagementComponent.

    src/app/features/admin-users/pages/roles/roles-management.component.ts:39:15:
[37m      39 │   templateUrl: [32m'./roles-management.component.html'[37m,
         ╵                [32m~~~~~~~~~~~~~~~~~~~~~~~~~~~~~~~~~~~[0m


[31mX [41;31m[[41;97mERROR[41;31m][0m [1mNG1: Object is possibly 'null'.[0m [1m[35m[plugin angular-compiler][0m

    src/app/features/admin-users/pages/roles/roles-management.component.html:160:62:
[37m      160 │ ...l" [(ngModel)]="selectedRole.[32memail[37m" dir="ltr" placeholder="fin...
          ╵                                 [32m~~~~~[0m

  Error occurs in the template of component RolesManagementComponent.

    src/app/features/admin-users/pages/roles/roles-management.component.ts:39:15:
[37m      39 │   templateUrl: [32m'./roles-management.component.html'[37m,
         ╵                [32m~~~~~~~~~~~~~~~~~~~~~~~~~~~~~~~~~~~[0m


[31mX [41;31m[[41;97mERROR[41;31m][0m [1mNG1: Object is possibly 'null'.[0m [1m[35m[plugin angular-compiler][0m

    src/app/features/admin-users/pages/roles/roles-management.component.html:161:43:
[37m      161 │                   [disabled]="selectedRole.[32misSystem[37m"
          ╵                                            [32m~~~~~~~~[0m

  Error occurs in the template of component RolesManagementComponent.

    src/app/features/admin-users/pages/roles/roles-management.component.ts:39:15:
[37m      39 │   templateUrl: [32m'./roles-management.component.html'[37m,
         ╵                [32m~~~~~~~~~~~~~~~~~~~~~~~~~~~~~~~~~~~[0m


[31mX [41;31m[[41;97mERROR[41;31m][0m [1mNG1: Object is possibly 'null'.[0m [1m[35m[plugin angular-compiler][0m

    src/app/features/admin-users/pages/roles/roles-management.component.html:170:52:
[37m      170 │ ...Model)]="selectedRole.[32mnotificationEmails[37m" dir="ltr" rows="2" p...
          ╵                          [32m~~~~~~~~~~~~~~~~~~[0m

  Error occurs in the template of component RolesManagementComponent.

    src/app/features/admin-users/pages/roles/roles-management.component.ts:39:15:
[37m      39 │   templateUrl: [32m'./roles-management.component.html'[37m,
         ╵                [32m~~~~~~~~~~~~~~~~~~~~~~~~~~~~~~~~~~~[0m


[31mX [41;31m[[41;97mERROR[41;31m][0m [1mNG1: Object is possibly 'null'.[0m [1m[35m[plugin angular-compiler][0m

    src/app/features/admin-users/pages/roles/roles-management.component.html:170:52:
[37m      170 │ ...Model)]="selectedRole.[32mnotificationEmails[37m" dir="ltr" rows="2" p...
          ╵                          [32m~~~~~~~~~~~~~~~~~~[0m

  Error occurs in the template of component RolesManagementComponent.

    src/app/features/admin-users/pages/roles/roles-management.component.ts:39:15:
[37m      39 │   templateUrl: [32m'./roles-management.component.html'[37m,
         ╵                [32m~~~~~~~~~~~~~~~~~~~~~~~~~~~~~~~~~~~[0m


[31mX [41;31m[[41;97mERROR[41;31m][0m [1mNG1: Object is possibly 'null'.[0m [1m[35m[plugin angular-compiler][0m

    src/app/features/admin-users/pages/roles/roles-management.component.html:171:43:
[37m      171 │                   [disabled]="selectedRole.[32misSystem[37m"
          ╵                                            [32m~~~~~~~~[0m

  Error occurs in the template of component RolesManagementComponent.

    src/app/features/admin-users/pages/roles/roles-management.component.ts:39:15:
[37m      39 │   templateUrl: [32m'./roles-management.component.html'[37m,
         ╵                [32m~~~~~~~~~~~~~~~~~~~~~~~~~~~~~~~~~~~[0m


[31mX [41;31m[[41;97mERROR[41;31m][0m [1mNG1: Object is possibly 'null'.[0m [1m[35m[plugin angular-compiler][0m

    src/app/features/admin-users/pages/roles/roles-management.component.html:182:80:
[37m      182 │ ...xt-slate-900 mt-2">{{ selectedRole.[32musersCount[37m }} مستخدم</p>
          ╵                                       [32m~~~~~~~~~~[0m

  Error occurs in the template of component RolesManagementComponent.

    src/app/features/admin-users/pages/roles/roles-management.component.ts:39:15:
[37m      39 │   templateUrl: [32m'./roles-management.component.html'[37m,
         ╵                [32m~~~~~~~~~~~~~~~~~~~~~~~~~~~~~~~~~~~[0m


[31mX [41;31m[[41;97mERROR[41;31m][0m [1mNG1: Object is possibly 'null'.[0m [1m[35m[plugin angular-compiler][0m

    src/app/features/admin-users/pages/roles/roles-management.component.html:188:36:
[37m      188 │ ... <div *ngIf="!selectedRole.[32misSystem[37m" class="flex items-center ...
          ╵                               [32m~~~~~~~~[0m

  Error occurs in the template of component RolesManagementComponent.

    src/app/features/admin-users/pages/roles/roles-management.component.ts:39:15:
[37m      39 │   templateUrl: [32m'./roles-management.component.html'[37m,
         ╵                [32m~~~~~~~~~~~~~~~~~~~~~~~~~~~~~~~~~~~[0m


[31mX [41;31m[[41;97mERROR[41;31m][0m [1mNG5: Argument of type 'CustomRole | null' is not assignable to parameter of type 'CustomRole'.
  Type 'null' is not assignable to type 'CustomRole'.[0m [1m[35m[plugin angular-compiler][0m

    src/app/features/admin-users/pages/roles/roles-management.component.html:189:40:
[37m      189 │ ...tton (click)="deleteRole([32mselectedRole[37m)" class="h-9 px-4 rounde...
          ╵                             [32m~~~~~~~~~~~~[0m

  Error occurs in the template of component RolesManagementComponent.

    src/app/features/admin-users/pages/roles/roles-management.component.ts:39:15:
[37m      39 │   templateUrl: [32m'./roles-management.component.html'[37m,
         ╵                [32m~~~~~~~~~~~~~~~~~~~~~~~~~~~~~~~~~~~[0m

[39m[22m
[1m[31m[31mX [41;31m[[41;97mERROR[41;31m][0m [1mNG1: Object is possibly 'null'.[0m [1m[35m[plugin angular-compiler][0m

    src/app/features/admin-users/pages/roles/roles-management.component.html:110:45:
[37m      110 │ ...  <th *ngIf="!selectedRole.[32misSystem[37m" class="text-center px-2 p...
          ╵                               [32m~~~~~~~~[0m

  Error occurs in the template of component RolesManagementComponent.

    src/app/features/admin-users/pages/roles/roles-management.component.ts:39:15:
[37m      39 │   templateUrl: [32m'./roles-management.component.html'[37m,
         ╵                [32m~~~~~~~~~~~~~~~~~~~~~~~~~~~~~~~~~~~[0m


[31mX [41;31m[[41;97mERROR[41;31m][0m [1mNG1: Object is possibly 'null'.[0m [1m[35m[plugin angular-compiler][0m

    src/app/features/admin-users/pages/roles/roles-management.component.html:123:108:
[37m      123 │ ...sor-pointer" [class.pointer-events-none]="selectedRole.[32misSystem[37m">
          ╵                                                           [32m~~~~~~~~[0m

  Error occurs in the template of component RolesManagementComponent.

    src/app/features/admin-users/pages/roles/roles-management.component.ts:39:15:
[37m      39 │   templateUrl: [32m'./roles-management.component.html'[37m,
         ╵                [32m~~~~~~~~~~~~~~~~~~~~~~~~~~~~~~~~~~~[0m


[31mX [41;31m[[41;97mERROR[41;31m][0m [1mNG1: Object is possibly 'null'.[0m [1m[35m[plugin angular-compiler][0m

    src/app/features/admin-users/pages/roles/roles-management.component.html:124:164:
[37m      124 │ ...tion)" [disabled]="selectedRole.[32misSystem[37m" class="sr-only peer" />
          ╵                                    [32m~~~~~~~~[0m

  Error occurs in the template of component RolesManagementComponent.

    src/app/features/admin-users/pages/roles/roles-management.component.ts:39:15:
[37m      39 │   templateUrl: [32m'./roles-management.component.html'[37m,
         ╵                [32m~~~~~~~~~~~~~~~~~~~~~~~~~~~~~~~~~~~[0m


[31mX [41;31m[[41;97mERROR[41;31m][0m [1mNG1: Object is possibly 'null'.[0m [1m[35m[plugin angular-compiler][0m

    src/app/features/admin-users/pages/roles/roles-management.component.html:133:45:
[37m      133 │ ...  <td *ngIf="!selectedRole.[32misSystem[37m" class="text-center px-2 p...
          ╵                               [32m~~~~~~~~[0m

  Error occurs in the template of component RolesManagementComponent.

    src/app/features/admin-users/pages/roles/roles-management.component.ts:39:15:
[37m      39 │   templateUrl: [32m'./roles-management.component.html'[37m,
         ╵                [32m~~~~~~~~~~~~~~~~~~~~~~~~~~~~~~~~~~~[0m


[31mX [41;31m[[41;97mERROR[41;31m][0m [1mNG1: Object is possibly 'null'.[0m [1m[35m[plugin angular-compiler][0m

    src/app/features/admin-users/pages/roles/roles-management.component.html:144:38:
[37m      144 │ ... <div *ngIf="!selectedRole.[32misSystem[37m" class="flex justify-end m...
          ╵                               [32m~~~~~~~~[0m

  Error occurs in the template of component RolesManagementComponent.

    src/app/features/admin-users/pages/roles/roles-management.component.ts:39:15:
[37m      39 │   templateUrl: [32m'./roles-management.component.html'[37m,
         ╵                [32m~~~~~~~~~~~~~~~~~~~~~~~~~~~~~~~~~~~[0m


[31mX [41;31m[[41;97mERROR[41;31m][0m [1mNG1: Object is possibly 'null'.[0m [1m[35m[plugin angular-compiler][0m

    src/app/features/admin-users/pages/roles/roles-management.component.html:160:62:
[37m      160 │ ...l" [(ngModel)]="selectedRole.[32memail[37m" dir="ltr" placeholder="fin...
          ╵                                 [32m~~~~~[0m

  Error occurs in the template of component RolesManagementComponent.

    src/app/features/admin-users/pages/roles/roles-management.component.ts:39:15:
[37m      39 │   templateUrl: [32m'./roles-management.component.html'[37m,
         ╵                [32m~~~~~~~~~~~~~~~~~~~~~~~~~~~~~~~~~~~[0m


[31mX [41;31m[[41;97mERROR[41;31m][0m [1mNG1: Object is possibly 'null'.[0m [1m[35m[plugin angular-compiler][0m

    src/app/features/admin-users/pages/roles/roles-management.component.html:160:62:
[37m      160 │ ...l" [(ngModel)]="selectedRole.[32memail[37m" dir="ltr" placeholder="fin...
          ╵                                 [32m~~~~~[0m

  Error occurs in the template of component RolesManagementComponent.

    src/app/features/admin-users/pages/roles/roles-management.component.ts:39:15:
[37m      39 │   templateUrl: [32m'./roles-management.component.html'[37m,
         ╵                [32m~~~~~~~~~~~~~~~~~~~~~~~~~~~~~~~~~~~[0m


[31mX [41;31m[[41;97mERROR[41;31m][0m [1mNG1: Object is possibly 'null'.[0m [1m[35m[plugin angular-compiler][0m

    src/app/features/admin-users/pages/roles/roles-management.component.html:161:43:
[37m      161 │                   [disabled]="selectedRole.[32misSystem[37m"
          ╵                                            [32m~~~~~~~~[0m

  Error occurs in the template of component RolesManagementComponent.

    src/app/features/admin-users/pages/roles/roles-management.component.ts:39:15:
[37m      39 │   templateUrl: [32m'./roles-management.component.html'[37m,
         ╵                [32m~~~~~~~~~~~~~~~~~~~~~~~~~~~~~~~~~~~[0m


[31mX [41;31m[[41;97mERROR[41;31m][0m [1mNG1: Object is possibly 'null'.[0m [1m[35m[plugin angular-compiler][0m

    src/app/features/admin-users/pages/roles/roles-management.component.html:170:52:
[37m      170 │ ...Model)]="selectedRole.[32mnotificationEmails[37m" dir="ltr" rows="2" p...
          ╵                          [32m~~~~~~~~~~~~~~~~~~[0m

  Error occurs in the template of component RolesManagementComponent.

    src/app/features/admin-users/pages/roles/roles-management.component.ts:39:15:
[37m      39 │   templateUrl: [32m'./roles-management.component.html'[37m,
         ╵                [32m~~~~~~~~~~~~~~~~~~~~~~~~~~~~~~~~~~~[0m


[31mX [41;31m[[41;97mERROR[41;31m][0m [1mNG1: Object is possibly 'null'.[0m [1m[35m[plugin angular-compiler][0m

    src/app/features/admin-users/pages/roles/roles-management.component.html:170:52:
[37m      170 │ ...Model)]="selectedRole.[32mnotificationEmails[37m" dir="ltr" rows="2" p...
          ╵                          [32m~~~~~~~~~~~~~~~~~~[0m

  Error occurs in the template of component RolesManagementComponent.

    src/app/features/admin-users/pages/roles/roles-management.component.ts:39:15:
[37m      39 │   templateUrl: [32m'./roles-management.component.html'[37m,
         ╵                [32m~~~~~~~~~~~~~~~~~~~~~~~~~~~~~~~~~~~[0m


[31mX [41;31m[[41;97mERROR[41;31m][0m [1mNG1: Object is possibly 'null'.[0m [1m[35m[plugin angular-compiler][0m

    src/app/features/admin-users/pages/roles/roles-management.component.html:171:43:
[37m      171 │                   [disabled]="selectedRole.[32misSystem[37m"
          ╵                                            [32m~~~~~~~~[0m

  Error occurs in the template of component RolesManagementComponent.

    src/app/features/admin-users/pages/roles/roles-management.component.ts:39:15:
[37m      39 │   templateUrl: [32m'./roles-management.component.html'[37m,
         ╵                [32m~~~~~~~~~~~~~~~~~~~~~~~~~~~~~~~~~~~[0m


[31mX [41;31m[[41;97mERROR[41;31m][0m [1mNG1: Object is possibly 'null'.[0m [1m[35m[plugin angular-compiler][0m

    src/app/features/admin-users/pages/roles/roles-management.component.html:182:80:
[37m      182 │ ...xt-slate-900 mt-2">{{ selectedRole.[32musersCount[37m }} مستخدم</p>
          ╵                                       [32m~~~~~~~~~~[0m

  Error occurs in the template of component RolesManagementComponent.

    src/app/features/admin-users/pages/roles/roles-management.component.ts:39:15:
[37m      39 │   templateUrl: [32m'./roles-management.component.html'[37m,
         ╵                [32m~~~~~~~~~~~~~~~~~~~~~~~~~~~~~~~~~~~[0m


[31mX [41;31m[[41;97mERROR[41;31m][0m [1mNG1: Object is possibly 'null'.[0m [1m[35m[plugin angular-compiler][0m

    src/app/features/admin-users/pages/roles/roles-management.component.html:188:36:
[37m      188 │ ... <div *ngIf="!selectedRole.[32misSystem[37m" class="flex items-center ...
          ╵                               [32m~~~~~~~~[0m

  Error occurs in the template of component RolesManagementComponent.

    src/app/features/admin-users/pages/roles/roles-management.component.ts:39:15:
[37m      39 │   templateUrl: [32m'./roles-management.component.html'[37m,
         ╵                [32m~~~~~~~~~~~~~~~~~~~~~~~~~~~~~~~~~~~[0m

[39m[22m
